Source,Target,Weight,Type
김민정,황병승,26,Undirected
김민정,이민하,21,Undirected
이민하,황병승,21,Undirected
김행숙,황병승,19,Undirected
김민정,이장욱,18,Undirected
이장욱,황병승,18,Undirected
권혁웅,황병승,18,Undirected
김민정,김행숙,17,Undirected
김행숙,이민하,16,Undirected
김행숙,진은영,16,Undirected
권혁웅,김민정,16,Undirected
이장욱,진은영,15,Undirected
김민정,유형진,15,Undirected
김행숙,이장욱,15,Undirected
유형진,황병승,15,Undirected
김민정,진은영,14,Undirected
이민하,이장욱,14,Undirected
진은영,황병승,14,Undirected
김언,황병승,14,Undirected
김민정,이근화,13,Undirected
유형진,이민하,13,Undirected
이근화,황병승,13,Undirected
이민하,진은영,13,Undirected
장석원,황병승,13,Undirected
김민정,김언,12,Undirected
권혁웅,이장욱,12,Undirected
김경주,황병승,12,Undirected
김민정,장석원,12,Undirected
신형철,황병승,12,Undirected
김근,김민정,11,Undirected
권혁웅,김경주,11,Undirected
권혁웅,신형철,11,Undirected
신형철,이장욱,11,Undirected
김행숙,이근화,11,Undirected
들뢰즈,황병승,11,Undirected
유형진,이장욱,11,Undirected
김수영,황병승,11,Undirected
김언,이민하,11,Undirected
신해욱,황병승,11,Undirected
황병승,황지우,11,Undirected
권혁웅,이민하,11,Undirected
김경주,진은영,10,Undirected
김행숙,유형진,10,Undirected
이근화,이민하,10,Undirected
이근화,진은영,10,Undirected
김민정,김수영,10,Undirected
김민정,이상,10,Undirected
문태준,황병승,10,Undirected
김민정,김이듬,10,Undirected
김언,김행숙,10,Undirected
김이듬,황병승,10,Undirected
김행숙,신해욱,10,Undirected
김행숙,신형철,10,Undirected
이성복,황병승,10,Undirected
김근,황병승,10,Undirected
권혁웅,유형진,10,Undirected
김경주,김민정,10,Undirected
권혁웅,진은영,9,Undirected
김경주,이장욱,9,Undirected
신형철,진은영,9,Undirected
김민정,들뢰즈,9,Undirected
김행숙,들뢰즈,9,Undirected
들뢰즈,이민하,9,Undirected
들뢰즈,이장욱,9,Undirected
이근화,이장욱,9,Undirected
김민정,문태준,9,Undirected
김수영,이민하,9,Undirected
이상,황병승,9,Undirected
김민정,박상수,9,Undirected
김민정,신해욱,9,Undirected
김이듬,김행숙,9,Undirected
김이듬,신해욱,9,Undirected
김이듬,이민하,9,Undirected
김행숙,박상수,9,Undirected
박상수,황병승,9,Undirected
박상순,황병승,9,Undirected
신해욱,이민하,9,Undirected
권혁웅,장석원,9,Undirected
권혁웅,김언,9,Undirected
김언,유형진,9,Undirected
권혁웅,김행숙,9,Undirected
김민정,신형철,9,Undirected
김언,이장욱,9,Undirected
고봉준,김민정,8,Undirected
심보선,진은영,8,Undirected
들뢰즈,진은영,8,Undirected
유형진,진은영,8,Undirected
이민하,이상,8,Undirected
김민정,박상순,8,Undirected
김이듬,진은영,8,Undirected
박상수,이민하,8,Undirected
박상순,이민하,8,Undirected
신해욱,진은영,8,Undirected
조연호,황병승,8,Undirected
김수영,김행숙,8,Undirected
김수영,진은영,8,Undirected
이성복,황지우,8,Undirected
유형진,장석원,8,Undirected
김근,이민하,8,Undirected
김근,유형진,8,Undirected
김민정,이성복,8,Undirected
이민하,장석원,8,Undirected
김경주,김행숙,8,Undirected
김경주,이근화,8,Undirected
강정,황병승,8,Undirected
김경주,장석원,8,Undirected
김행숙,장석원,8,Undirected
박상수,이장욱,8,Undirected
이근화,장석원,8,Undirected
이장욱,장석원,8,Undirected
이수명,황병승,8,Undirected
김근,김언,7,Undirected
고봉준,황병승,7,Undirected
들뢰즈,이근화,7,Undirected
김수영,유형진,7,Undirected
김수영,이장욱,7,Undirected
이상,이장욱,7,Undirected
김민정,조연호,7,Undirected
김언,박상수,7,Undirected
김언,신해욱,7,Undirected
김언,진은영,7,Undirected
김행숙,조연호,7,Undirected
김행숙,하재연,7,Undirected
박상수,진은영,7,Undirected
진은영,하재연,7,Undirected
김수영,들뢰즈,7,Undirected
권혁웅,황지우,7,Undirected
김근,김행숙,7,Undirected
권혁웅,김근,7,Undirected
권혁웅,문태준,7,Undirected
김근,장석원,7,Undirected
이민하,이성복,7,Undirected
장정일,황병승,7,Undirected
김수이,황병승,7,Undirected
강정,권혁웅,7,Undirected
강정,김경주,7,Undirected
김민정,박진성,7,Undirected
김민정,이기인,7,Undirected
김민정,이영주,7,Undirected
김민정,황지우,7,Undirected
김수영,김이듬,7,Undirected
김수영,황지우,7,Undirected
박진성,황병승,7,Undirected
유형진,이기인,7,Undirected
이기인,황병승,7,Undirected
이민하,이영주,7,Undirected
이영주,황병승,7,Undirected
장정일,황지우,7,Undirected
함성호,황병승,7,Undirected
김경주,이민하,7,Undirected
김민정,김혜순,7,Undirected
김수영,이근화,7,Undirected
김혜순,이민하,7,Undirected
김혜순,황병승,7,Undirected
김수이,이장욱,7,Undirected
이기인,이장욱,7,Undirected
김언,신형철,7,Undirected
신형철,유형진,7,Undirected
신형철,이민하,7,Undirected
강정,김민정,7,Undirected
강정,장석원,7,Undirected
박상수,장석원,7,Undirected
신형철,장석원,7,Undirected
김근,이장욱,7,Undirected
김이듬,이근화,7,Undirected
김이듬,이장욱,7,Undirected
신해욱,이장욱,7,Undirected
김행숙,황지우,7,Undirected
이수명,이장욱,7,Undirected
권혁웅,심보선,6,Undirected
김경주,신형철,6,Undirected
김경주,심보선,6,Undirected
심보선,이장욱,6,Undirected
이장욱,정영,6,Undirected
유형진,이근화,6,Undirected
문태준,유형진,6,Undirected
문태준,이민하,6,Undirected
유형진,이상,6,Undirected
김민정,하재연,6,Undirected
김언,김이듬,6,Undirected
김이듬,조연호,6,Undirected
박상수,신해욱,6,Undirected
박상순,신해욱,6,Undirected
신해욱,하재연,6,Undirected
이민하,조연호,6,Undirected
이민하,하재연,6,Undirected
조연호,진은영,6,Undirected
하재연,황병승,6,Undirected
들뢰즈,신형철,6,Undirected
권혁웅,이성복,6,Undirected
김경주,이성복,6,Undirected
김경주,황지우,6,Undirected
박남철,황지우,6,Undirected
최승자,황병승,6,Undirected
김행숙,이상,6,Undirected
기형도,이성복,6,Undirected
기형도,황병승,6,Undirected
김민정,장정일,6,Undirected
유형진,이성복,6,Undirected
권혁웅,이경수,6,Undirected
김수이,김언,6,Undirected
권혁웅,김수이,6,Undirected
권혁웅,이기인,6,Undirected
김근,김이듬,6,Undirected
김민정,진수미,6,Undirected
김수영,신해욱,6,Undirected
김수영,이성복,6,Undirected
김언,박진성,6,Undirected
김언,이기인,6,Undirected
김언,이영주,6,Undirected
김이듬,유형진,6,Undirected
김이듬,황지우,6,Undirected
박진성,유형진,6,Undirected
박진성,이민하,6,Undirected
유형진,이영주,6,Undirected
이기인,이민하,6,Undirected
이민하,진수미,6,Undirected
이민하,황지우,6,Undirected
진수미,황병승,6,Undirected
함성호,황지우,6,Undirected
황병숭,황병승,6,Undirected
김경주,조연호,6,Undirected
김민정,김수이,6,Undirected
김민정,심보선,6,Undirected
김수영,김혜순,6,Undirected
김수이,김행숙,6,Undirected
김수이,이민하,6,Undirected
김수이,진은영,6,Undirected
김행숙,이성복,6,Undirected
심보선,황병승,6,Undirected
김수이,신형철,6,Undirected
김행숙,이영주,6,Undirected
이영주,이장욱,6,Undirected
강정,김행숙,6,Undirected
강정,박상수,6,Undirected
강정,신형철,6,Undirected
강정,이장욱,6,Undirected
권혁웅,박상수,6,Undirected
권혁웅,이근화,6,Undirected
김경주,박상수,6,Undirected
박상수,신형철,6,Undirected
박상수,이근화,6,Undirected
장석원,진은영,6,Undirected
김민정,정재학,6,Undirected
김수영,장석원,6,Undirected
김혜순,이장욱,6,Undirected
박상수,유형진,6,Undirected
신해욱,이근화,6,Undirected
유형진,정재학,6,Undirected
이장욱,정재학,6,Undirected
정재학,황병승,6,Undirected
김민정,이수명,6,Undirected
박상순,이수명,6,Undirected
이장욱,황지우,6,Undirected
이상,진은영,6,Undirected
김민정,이원,6,Undirected
이원,황병승,6,Undirected
고봉준,김언,5,Undirected
권혁웅,이광호,5,Undirected
랑시에르,진은영,5,Undirected
강성은,김민정,5,Undirected
강성은,김행숙,5,Undirected
강성은,이근화,5,Undirected
강성은,이민하,5,Undirected
강성은,이장욱,5,Undirected
강성은,황병승,5,Undirected
고봉준,이민하,5,Undirected
고봉준,이장욱,5,Undirected
김민정,김언희,5,Undirected
김민정,장이지,5,Undirected
김민정,최승호,5,Undirected
김언희,황병승,5,Undirected
이민하,최승호,5,Undirected
최승호,황병승,5,Undirected
김수영,문태준,5,Undirected
김수영,이상,5,Undirected
문태준,이상,5,Undirected
문태준,이장욱,5,Undirected
김민정,이승원,5,Undirected
김언,박상순,5,Undirected
김이듬,박상수,5,Undirected
김이듬,박상순,5,Undirected
김이듬,하재연,5,Undirected
김행숙,박상순,5,Undirected
박상순,진은영,5,Undirected
신해욱,조연호,5,Undirected
이승원,황병승,5,Undirected
김수영,신형철,5,Undirected
김경주,최승자,5,Undirected
박남철,황병승,5,Undirected
이성복,최승자,5,Undirected
최승자,황지우,5,Undirected
권혁웅,이상,5,Undirected
권혁웅,장정일,5,Undirected
기형도,김민정,5,Undirected
김근,이성복,5,Undirected
이민하,장정일,5,Undirected
이상,장정일,5,Undirected
이성복,장정일,5,Undirected
문태준,진은영,5,Undirected
이경수,이장욱,5,Undirected
송찬호,황병승,5,Undirected
권혁웅,김수영,5,Undirected
권혁웅,김이듬,5,Undirected
권혁웅,신해욱,5,Undirected
권혁웅,이영주,5,Undirected
권혁웅,황병숭,5,Undirected
김근,김수영,5,Undirected
김근,신해욱,5,Undirected
김근,이기인,5,Undirected
김민정,함성호,5,Undirected
김수영,김언,5,Undirected
김수영,박상순,5,Undirected
김수영,이기인,5,Undirected
김수영,장정일,5,Undirected
김수영,함성호,5,Undirected
김언,진수미,5,Undirected
김이듬,이기인,5,Undirected
김이듬,이성복,5,Undirected
김이듬,이영주,5,Undirected
김이듬,장정일,5,Undirected
박남철,장정일,5,Undirected
박진성,이기인,5,Undirected
신해욱,유형진,5,Undirected
신해욱,이영주,5,Undirected
신해욱,황지우,5,Undirected
유형진,진수미,5,Undirected
유형진,황지우,5,Undirected
이기인,진수미,5,Undirected
김경주,김수영,5,Undirected
김민정,최승자,5,Undirected
김수영,조연호,5,Undirected
김행숙,김혜순,5,Undirected
김행숙,심보선,5,Undirected
김행숙,진수미,5,Undirected
김행숙,최승자,5,Undirected
김혜순,이근화,5,Undirected
김혜순,진은영,5,Undirected
문태준,이근화,5,Undirected
백무산,심보선,5,Undirected
백무산,진은영,5,Undirected
이근화,이성복,5,Undirected
이근화,조연호,5,Undirected
이민하,최승자,5,Undirected
이성복,진은영,5,Undirected
이기인,진은영,5,Undirected
김민정,이경수,5,Undirected
김수이,유형진,5,Undirected
이경수,황병승,5,Undirected
강정,이근화,5,Undirected
강정,이민하,5,Undirected
강정,진은영,5,Undirected
김언,장석원,5,Undirected
들뢰즈,장석원,5,Undirected
들뢰즈,지젝,5,Undirected
들뢰즈,하재연,5,Undirected
신형철,지젝,5,Undirected
이근화,하재연,5,Undirected
이장욱,하재연,5,Undirected
지젝,황병승,5,Undirected
권혁웅,조연호,5,Undirected
김근,박상수,5,Undirected
김근,신형철,5,Undirected
김민정,김춘수,5,Undirected
김민정,박판식,5,Undirected
김수영,정재학,5,Undirected
김언,박판식,5,Undirected
김언,정재학,5,Undirected
김이듬,들뢰즈,5,Undirected
김이듬,장석원,5,Undirected
김춘수,이장욱,5,Undirected
김행숙,박판식,5,Undirected
김행숙,이기인,5,Undirected
김행숙,정재학,5,Undirected
김혜순,들뢰즈,5,Undirected
들뢰즈,신해욱,5,Undirected
박판식,유형진,5,Undirected
박판식,이민하,5,Undirected
박판식,이장욱,5,Undirected
박판식,황병승,5,Undirected
이기인,정재학,5,Undirected
이민하,정재학,5,Undirected
고봉준,권혁웅,5,Undirected
김경주,김근,5,Undirected
김경주,김이듬,5,Undirected
김경주,유형진,5,Undirected
김민정,정영,5,Undirected
김혜순,박상순,5,Undirected
김혜순,이수명,5,Undirected
박상순,이장욱,5,Undirected
박진성,이장욱,5,Undirected
신해욱,이수명,5,Undirected
이근화,황지우,5,Undirected
이민하,이수명,5,Undirected
이성복,이장욱,5,Undirected
이수명,진은영,5,Undirected
장석원,황지우,5,Undirected
정영,황병승,5,Undirected
진은영,황지우,5,Undirected
김행숙,장정일,5,Undirected
들뢰즈,황지우,5,Undirected
성기완,황병승,5,Undirected
들뢰즈,이상,5,Undirected
이근화,이상,5,Undirected
기형도,황지우,5,Undirected
이민하,이원,5,Undirected
이원,이장욱,5,Undirected
강정,유형진,5,Undirected
김경주,정영,4,Undirected
랑시에르,신형철,4,Undirected
랑시에르,심보선,4,Undirected
신형철,심보선,4,Undirected
이광호,이장욱,4,Undirected
정영,진은영,4,Undirected
강성은,들뢰즈,4,Undirected
강성은,유형진,4,Undirected
강성은,진은영,4,Undirected
고봉준,유형진,4,Undirected
김민정,벤야민,4,Undirected
김언희,유형진,4,Undirected
김언희,이민하,4,Undirected
김행숙,장이지,4,Undirected
들뢰즈,유형진,4,Undirected
벤야민,이장욱,4,Undirected
벤야민,황병승,4,Undirected
유형진,최승호,4,Undirected
이민하,장이지,4,Undirected
장이지,황병승,4,Undirected
진은영,최승호,4,Undirected
김민정,보들레르,4,Undirected
김민정,손택수,4,Undirected
문태준,벤야민,4,Undirected
문태준,손택수,4,Undirected
보들레르,이장욱,4,Undirected
보들레르,황병승,4,Undirected
손택수,황병승,4,Undirected
김언,조연호,4,Undirected
김이듬,이승원,4,Undirected
김행숙,이승원,4,Undirected
박상수,이승원,4,Undirected
박상수,조연호,4,Undirected
박상수,하재연,4,Undirected
신해욱,이승원,4,Undirected
이민하,이승원,4,Undirected
이승원,진은영,4,Undirected
김수영,랑시에르,4,Undirected
들뢰즈,라캉,4,Undirected
권혁웅,박남철,4,Undirected
박남철,이성복,4,Undirected
프로이트,황병승,4,Undirected
김근,박상순,4,Undirected
김근,이상,4,Undirected
박상순,이상,4,Undirected
권혁웅,기형도,4,Undirected
기형도,유형진,4,Undirected
기형도,이민하,4,Undirected
기형도,이상,4,Undirected
기형도,장정일,4,Undirected
김근,장정일,4,Undirected
문태준,이성복,4,Undirected
문태준,장석원,4,Undirected
서정주,이성복,4,Undirected
서정주,황병승,4,Undirected
유형진,장정일,4,Undirected
이상,이성복,4,Undirected
이상,장석원,4,Undirected
이성복,장석원,4,Undirected
장석원,장정일,4,Undirected
권혁웅,롤랑바르트,4,Undirected
이경수,진은영,4,Undirected
남진우,황병승,4,Undirected
송재학,송찬호,4,Undirected
김경주,김수이,4,Undirected
성기완,이원,4,Undirected
권혁웅,김진수,4,Undirected
권혁웅,박진성,4,Undirected
권혁웅,진수미,4,Undirected
권혁웅,황동규,4,Undirected
김근,김진수,4,Undirected
김근,박진성,4,Undirected
김근,이영주,4,Undirected
김근,진수미,4,Undirected
김근,황지우,4,Undirected
김민정,김지하,4,Undirected
김민정,김진수,4,Undirected
김민정,박남철,4,Undirected
김민정,백무산,4,Undirected
김민정,송찬호,4,Undirected
김민정,허수경,4,Undirected
김민정,황동규,4,Undirected
김민정,황병숭,4,Undirected
김수영,박남철,4,Undirected
김수영,박진성,4,Undirected
김수영,백무산,4,Undirected
김수영,송찬호,4,Undirected
김수영,진수미,4,Undirected
김수영,최승호,4,Undirected
김언,이성복,4,Undirected
김언,황지우,4,Undirected
김이듬,박남철,4,Undirected
김이듬,박진성,4,Undirected
김이듬,진수미,4,Undirected
김이듬,함성호,4,Undirected
김지하,문태준,4,Undirected
김지하,황병승,4,Undirected
김진수,황병승,4,Undirected
문태준,백무산,4,Undirected
문태준,최승호,4,Undirected
박남철,송찬호,4,Undirected
박남철,신해욱,4,Undirected
박남철,이민하,4,Undirected
박노해,백무산,4,Undirected
박상순,박진성,4,Undirected
박상순,유형진,4,Undirected
박상순,이성복,4,Undirected
박상순,함성호,4,Undirected
박상순,황지우,4,Undirected
박진성,신해욱,4,Undirected
박진성,이성복,4,Undirected
박진성,이영주,4,Undirected
박진성,진수미,4,Undirected
박진성,함성호,4,Undirected
박진성,황지우,4,Undirected
백무산,이민하,4,Undirected
백무산,최승호,4,Undirected
백무산,황병승,4,Undirected
송찬호,이민하,4,Undirected
송찬호,이성복,4,Undirected
송찬호,최승호,4,Undirected
신해욱,이기인,4,Undirected
신해욱,이성복,4,Undirected
신해욱,장정일,4,Undirected
신해욱,진수미,4,Undirected
신해욱,함성호,4,Undirected
오규원,황지우,4,Undirected
이기인,이성복,4,Undirected
이기인,이영주,4,Undirected
이기인,황지우,4,Undirected
이민하,함성호,4,Undirected
이성복,진수미,4,Undirected
이성복,함성호,4,Undirected
이영주,진수미,4,Undirected
장정일,함성호,4,Undirected
허수경,황병승,4,Undirected
김경주,문태준,4,Undirected
김민정,조강석,4,Undirected
김수영,심보선,4,Undirected
김수영,최승자,4,Undirected
김행숙,문태준,4,Undirected
김행숙,조강석,4,Undirected
김혜순,송찬호,4,Undirected
김혜순,이성복,4,Undirected
김혜순,최승호,4,Undirected
문태준,심보선,4,Undirected
이근화,최승자,4,Undirected
이성복,조연호,4,Undirected
조강석,진은영,4,Undirected
조강석,황병승,4,Undirected
조연호,진수미,4,Undirected
진은영,최승자,4,Undirected
김경주,이기인,4,Undirected
김수이,이기인,4,Undirected
이영주,진은영,4,Undirected
강정,김언,4,Undirected
권혁웅,들뢰즈,4,Undirected
김경주,김언,4,Undirected
김언,들뢰즈,4,Undirected
김언,이근화,4,Undirected
신형철,이근화,4,Undirected
이장욱,지젝,4,Undirected
강성은,김이듬,4,Undirected
강성은,신해욱,4,Undirected
권혁웅,정재학,4,Undirected
김근,박판식,4,Undirected
김근,이근화,4,Undirected
김근,정재학,4,Undirected
김근,조연호,4,Undirected
김민정,김종삼,4,Undirected
김민정,박서원,4,Undirected
김민정,조말선,4,Undirected
김수영,김종삼,4,Undirected
김수영,김춘수,4,Undirected
김수이,박상수,4,Undirected
김언,김혜순,4,Undirected
김이듬,김종삼,4,Undirected
김이듬,김춘수,4,Undirected
김이듬,김혜순,4,Undirected
김이듬,박판식,4,Undirected
김이듬,정재학,4,Undirected
김이듬,조말선,4,Undirected
김종삼,김춘수,4,Undirected
김종삼,김행숙,4,Undirected
김종삼,김혜순,4,Undirected
김종삼,신해욱,4,Undirected
김종삼,이근화,4,Undirected
김종삼,이민하,4,Undirected
김종삼,이장욱,4,Undirected
김종삼,황병승,4,Undirected
김춘수,김행숙,4,Undirected
김춘수,김혜순,4,Undirected
김춘수,신해욱,4,Undirected
김춘수,이근화,4,Undirected
김춘수,이민하,4,Undirected
김춘수,황병승,4,Undirected
김행숙,조말선,4,Undirected
김혜순,박서원,4,Undirected
김혜순,신해욱,4,Undirected
김혜순,유형진,4,Undirected
김혜순,정재학,4,Undirected
들뢰즈,박서원,4,Undirected
들뢰즈,조말선,4,Undirected
박상수,박판식,4,Undirected
박서원,이민하,4,Undirected
박서원,이장욱,4,Undirected
박서원,황병승,4,Undirected
박판식,신해욱,4,Undirected
박판식,이기인,4,Undirected
박판식,이영주,4,Undirected
박판식,정재학,4,Undirected
박판식,진수미,4,Undirected
신해욱,장석원,4,Undirected
신해욱,조말선,4,Undirected
신형철,이기인,4,Undirected
유형진,조연호,4,Undirected
이근화,정재학,4,Undirected
이근화,조말선,4,Undirected
이기인,조연호,4,Undirected
이민하,조말선,4,Undirected
이장욱,조말선,4,Undirected
이장욱,조연호,4,Undirected
이장욱,진수미,4,Undirected
장석원,정재학,4,Undirected
장석원,조연호,4,Undirected
조말선,황병승,4,Undirected
고봉준,신형철,4,Undirected
고봉준,하상일,4,Undirected
권혁웅,하상일,4,Undirected
신형철,하상일,4,Undirected
하상일,황병승,4,Undirected
김경주,신해욱,4,Undirected
김경주,이수명,4,Undirected
김경주,이승원,4,Undirected
김근,진은영,4,Undirected
김민정,신영배,4,Undirected
김민정,이기성,4,Undirected
김수영,이수명,4,Undirected
김이듬,이기성,4,Undirected
김행숙,박진성,4,Undirected
김행숙,이기성,4,Undirected
김행숙,이수명,4,Undirected
김행숙,정영,4,Undirected
김행숙,함성호,4,Undirected
박상수,이수명,4,Undirected
박진성,박판식,4,Undirected
박진성,정재학,4,Undirected
박진성,진은영,4,Undirected
신영배,이근화,4,Undirected
신영배,이장욱,4,Undirected
신영배,정영,4,Undirected
신영배,황병승,4,Undirected
신해욱,오은,4,Undirected
신해욱,이기성,4,Undirected
오은,진은영,4,Undirected
오은,황병승,4,Undirected
이근화,이기성,4,Undirected
이근화,이수명,4,Undirected
이근화,이승원,4,Undirected
이근화,정영,4,Undirected
이근화,함성호,4,Undirected
이기성,이민하,4,Undirected
이기성,이장욱,4,Undirected
이기성,진은영,4,Undirected
이기성,황병승,4,Undirected
이민하,정영,4,Undirected
이성복,이수명,4,Undirected
이성복,정재학,4,Undirected
이수명,이준규,4,Undirected
이수명,황지우,4,Undirected
이승원,장석원,4,Undirected
이장욱,함성호,4,Undirected
이준규,황병승,4,Undirected
정재학,진은영,4,Undirected
정재학,황지우,4,Undirected
조연호,황지우,4,Undirected
들뢰즈,장정일,4,Undirected
들뢰즈,함성호,4,Undirected
이장욱,장정일,4,Undirected
들뢰즈,성기완,4,Undirected
성기완,황지우,4,Undirected
김이듬,이상,4,Undirected
기형도,김행숙,4,Undirected
기형도,이장욱,4,Undirected
김행숙,이원,4,Undirected
들뢰즈,박상순,4,Undirected
들뢰즈,이수명,4,Undirected
성기완,이수명,4,Undirected
이근화,장정일,4,Undirected
이상,황지우,4,Undirected
장정일,진은영,4,Undirected
강정,김근,4,Undirected
박진성,이원,4,Undirected
이상,정재학,4,Undirected
권혁웅,이수명,4,Undirected
고봉준,김근,3,Undirected
김민정,니체,3,Undirected
가라타니고진,이장욱,3,Undirected
가라타니고진,진은영,3,Undirected
강계숙,권혁웅,3,Undirected
권혁웅,김병호,3,Undirected
권혁웅,김형중,3,Undirected
권혁웅,김홍중,3,Undirected
권혁웅,랑시에르,3,Undirected
권혁웅,서동욱,3,Undirected
권혁웅,정영,3,Undirected
김경주,김병호,3,Undirected
김경주,랑시에르,3,Undirected
김병호,이장욱,3,Undirected
김형중,이광호,3,Undirected
김형중,이장욱,3,Undirected
김홍중,심보선,3,Undirected
랑시에르,이장욱,3,Undirected
서동욱,신형철,3,Undirected
신형철,이우성,3,Undirected
신형철,함돈균,3,Undirected
이광호,진은영,3,Undirected
이우성,함돈균,3,Undirected
강성은,장이지,3,Undirected
고봉준,김행숙,3,Undirected
고봉준,벤야민,3,Undirected
고봉준,장이지,3,Undirected
고봉준,진은영,3,Undirected
김민정,데카르트,3,Undirected
김언희,김행숙,3,Undirected
김언희,이근화,3,Undirected
김언희,최승호,3,Undirected
김행숙,최승호,3,Undirected
들뢰즈,장이지,3,Undirected
들뢰즈,최승호,3,Undirected
벤야민,유형진,3,Undirected
벤야민,이민하,3,Undirected
유형진,장이지,3,Undirected
이근화,장이지,3,Undirected
이근화,최승호,3,Undirected
이장욱,장이지,3,Undirected
이장욱,최승호,3,Undirected
장이지,진은영,3,Undirected
고봉준,박수연,3,Undirected
김민정,박성우,3,Undirected
김민정,박수연,3,Undirected
김수영,보들레르,3,Undirected
박성우,손택수,3,Undirected
박성우,유형진,3,Undirected
박성우,이민하,3,Undirected
박성우,황병승,3,Undirected
박수연,유형진,3,Undirected
박수연,이민하,3,Undirected
박수연,이장욱,3,Undirected
박수연,황병승,3,Undirected
보들레르,유형진,3,Undirected
보들레르,이민하,3,Undirected
손택수,유형진,3,Undirected
손택수,이민하,3,Undirected
손택수,이장욱,3,Undirected
김언,이승원,3,Undirected
김언,장이지,3,Undirected
김언,하재연,3,Undirected
김이듬,장이지,3,Undirected
박상수,박상순,3,Undirected
박상수,장이지,3,Undirected
박상순,이승원,3,Undirected
박상순,하재연,3,Undirected
신해욱,장이지,3,Undirected
이승원,조연호,3,Undirected
이승원,하재연,3,Undirected
김수영,라캉,3,Undirected
김수영,박노해,3,Undirected
김행숙,랑시에르,3,Undirected
라캉,진은영,3,Undirected
박노해,진은영,3,Undirected
권혁웅,최승자,3,Undirected
김경주,박남철,3,Undirected
박남철,최승자,3,Undirected
권혁응,김민정,3,Undirected
권혁응,유형진,3,Undirected
권혁응,황병승,3,Undirected
김민정,프로이트,3,Undirected
장석원,프로이트,3,Undirected
권혁웅,서정주,3,Undirected
권혁웅,손택수,3,Undirected
기형도,김근,3,Undirected
기형도,서정주,3,Undirected
기형도,장석원,3,Undirected
김근,문태준,3,Undirected
김민정,서정주,3,Undirected
문태준,장정일,3,Undirected
서정주,이민하,3,Undirected
서정주,장정일,3,Undirected
문태준,이경수,3,Undirected
이경수,이광호,3,Undirected
김언,송재학,3,Undirected
김언,송찬호,3,Undirected
김언,이문재,3,Undirected
남진우,송찬호,3,Undirected
송재학,이문재,3,Undirected
송재학,황병승,3,Undirected
송찬호,이문재,3,Undirected
이문재,황병승,3,Undirected
강정,김수이,3,Undirected
강정,성기완,3,Undirected
강정,이원,3,Undirected
권혁웅,이원,3,Undirected
김경주,성기완,3,Undirected
김경주,이원,3,Undirected
권혁웅,김지하,3,Undirected
권혁웅,박노해,3,Undirected
권혁웅,박상순,3,Undirected
권혁웅,백무산,3,Undirected
권혁웅,오세영,3,Undirected
권혁웅,하종오,3,Undirected
권혁웅,허수경,3,Undirected
김근,오규원,3,Undirected
김근,함성호,3,Undirected
김근,허수경,3,Undirected
김기택,문태준,3,Undirected
김기택,박노해,3,Undirected
김기택,백무산,3,Undirected
김기택,최승호,3,Undirected
김민정,나희덕,3,Undirected
김민정,박노해,3,Undirected
김민정,오규원,3,Undirected
김민정,오세영,3,Undirected
김민정,유하,3,Undirected
김민정,하종오,3,Undirected
김수영,김언희,3,Undirected
김수영,나희덕,3,Undirected
김수영,오규원,3,Undirected
김수영,유하,3,Undirected
김수영,이영주,3,Undirected
김언,김진수,3,Undirected
김언,문태준,3,Undirected
김언,박노해,3,Undirected
김언,오규원,3,Undirected
김언,최승호,3,Undirected
김언,함성호,3,Undirected
김언,허수경,3,Undirected
김언희,진수미,3,Undirected
김이듬,김진수,3,Undirected
김이듬,송찬호,3,Undirected
김이듬,오규원,3,Undirected
김이듬,유하,3,Undirected
김이듬,허수경,3,Undirected
김지하,박노해,3,Undirected
김지하,박진성,3,Undirected
김진수,신해욱,3,Undirected
김진수,유형진,3,Undirected
김진수,이기인,3,Undirected
김진수,이민하,3,Undirected
김진수,이영주,3,Undirected
김진수,진수미,3,Undirected
나희덕,문태준,3,Undirected
나희덕,백무산,3,Undirected
나희덕,이민하,3,Undirected
나희덕,최승호,3,Undirected
나희덕,황병승,3,Undirected
문태준,박노해,3,Undirected
문태준,박진성,3,Undirected
문태준,송찬호,3,Undirected
문태준,오세영,3,Undirected
문태준,이기인,3,Undirected
문태준,장석주,3,Undirected
문태준,황동규,3,Undirected
문태준,황병숭,3,Undirected
문태준,황지우,3,Undirected
박남철,박상순,3,Undirected
박남철,백무산,3,Undirected
박남철,송재학,3,Undirected
박남철,오규원,3,Undirected
박남철,유하,3,Undirected
박남철,이시영,3,Undirected
박남철,최승호,3,Undirected
박남철,함성호,3,Undirected
박노해,박진성,3,Undirected
박노해,유형진,3,Undirected
박노해,이기인,3,Undirected
박노해,이민하,3,Undirected
박노해,최승호,3,Undirected
박노해,황병승,3,Undirected
박상순,송찬호,3,Undirected
박상순,오규원,3,Undirected
박상순,유하,3,Undirected
박상순,이기인,3,Undirected
박상순,장정일,3,Undirected
박상순,최승호,3,Undirected
박진성,오규원,3,Undirected
박진성,최승호,3,Undirected
박진성,허수경,3,Undirected
백무산,송찬호,3,Undirected
백무산,이기인,3,Undirected
서정주,황지우,3,Undirected
송재학,최승호,3,Undirected
송찬호,신해욱,3,Undirected
송찬호,유하,3,Undirected
송찬호,장정일,3,Undirected
송찬호,함성호,3,Undirected
송찬호,황지우,3,Undirected
신해욱,오규원,3,Undirected
신해욱,유하,3,Undirected
신해욱,허수경,3,Undirected
오규원,유형진,3,Undirected
오규원,이민하,3,Undirected
오규원,이성복,3,Undirected
오규원,장정일,3,Undirected
오규원,함성호,3,Undirected
오규원,황병승,3,Undirected
오세영,황동규,3,Undirected
오세영,황병승,3,Undirected
유하,이민하,3,Undirected
유하,이성복,3,Undirected
유하,장정일,3,Undirected
유하,함성호,3,Undirected
유하,황병승,3,Undirected
유하,황지우,3,Undirected
유형진,함성호,3,Undirected
유형진,허수경,3,Undirected
이민하,허수경,3,Undirected
이성복,이영주,3,Undirected
이성복,최승호,3,Undirected
이시영,장정일,3,Undirected
이시영,황지우,3,Undirected
이영주,허수경,3,Undirected
이영주,황지우,3,Undirected
진수미,황지우,3,Undirected
하종오,황병승,3,Undirected
황동규,황병승,3,Undirected
김경주,김혜순,3,Undirected
김경주,백무산,3,Undirected
김경주,조강석,3,Undirected
김경주,진수미,3,Undirected
김민정,랑시에르,3,Undirected
김민정,유성호,3,Undirected
김수영,김수이,3,Undirected
김수이,김혜순,3,Undirected
김수이,백무산,3,Undirected
김수이,심보선,3,Undirected
김수이,유성호,3,Undirected
김수이,조강석,3,Undirected
김수이,조연호,3,Undirected
김수이,진수미,3,Undirected
김행숙,송찬호,3,Undirected
김혜순,문태준,3,Undirected
김혜순,백무산,3,Undirected
김혜순,조연호,3,Undirected
김혜순,진수미,3,Undirected
김혜순,최승자,3,Undirected
랑시에르,문태준,3,Undirected
랑시에르,황병승,3,Undirected
문태준,조강석,3,Undirected
송경동,심보선,3,Undirected
송찬호,이근화,3,Undirected
송찬호,진은영,3,Undirected
심보선,이근화,3,Undirected
심보선,이민하,3,Undirected
심보선,조연호,3,Undirected
유성호,이민하,3,Undirected
유성호,황병승,3,Undirected
이근화,조강석,3,Undirected
이근화,진수미,3,Undirected
이민하,조강석,3,Undirected
조연호,최승자,3,Undirected
진수미,진은영,3,Undirected
진수미,최승자,3,Undirected
심보선,이기인,3,Undirected
권혁웅,권혁응,3,Undirected
권혁웅,바흐친,3,Undirected
권혁웅,조강석,3,Undirected
김민정,바흐친,3,Undirected
김민정,이광호,3,Undirected
김수이,바흐친,3,Undirected
김수이,이영주,3,Undirected
김언,바흐친,3,Undirected
바흐친,신형철,3,Undirected
바흐친,유형진,3,Undirected
바흐친,이민하,3,Undirected
바흐친,이장욱,3,Undirected
바흐친,황병승,3,Undirected
신형철,이경수,3,Undirected
신형철,이영주,3,Undirected
신형철,조강석,3,Undirected
이경수,이민하,3,Undirected
이장욱,조강석,3,Undirected
문태준,서효인,3,Undirected
김승일,김행숙,3,Undirected
김승일,황병승,3,Undirected
김언,함기석,3,Undirected
김행숙,함기석,3,Undirected
신해욱,함기석,3,Undirected
함기석,황병승,3,Undirected
강정,들뢰즈,3,Undirected
권혁웅,지젝,3,Undirected
김경주,들뢰즈,3,Undirected
김경주,하재연,3,Undirected
김민정,지젝,3,Undirected
김언,지젝,3,Undirected
김행숙,지젝,3,Undirected
들뢰즈,박상수,3,Undirected
들뢰즈,프로이트,3,Undirected
이민하,지젝,3,Undirected
장석원,지젝,3,Undirected
장석원,하재연,3,Undirected
강성은,김근,3,Undirected
강성은,김수영,3,Undirected
강성은,김언,3,Undirected
강성은,김종삼,3,Undirected
강성은,김춘수,3,Undirected
강성은,김혜순,3,Undirected
강성은,박상수,3,Undirected
강성은,박판식,3,Undirected
강성은,이영주,3,Undirected
강성은,장석원,3,Undirected
강성은,정재학,3,Undirected
강성은,조말선,3,Undirected
강성은,최하연,3,Undirected
권혁웅,박판식,3,Undirected
김근,김수이,3,Undirected
김근,김종삼,3,Undirected
김근,김춘수,3,Undirected
김근,김혜순,3,Undirected
김근,최하연,3,Undirected
김록,황병승,3,Undirected
김민정,말라르메,3,Undirected
김민정,안현미,3,Undirected
김민정,최하연,3,Undirected
김수영,박상수,3,Undirected
김수영,박서원,3,Undirected
김수영,박판식,3,Undirected
김수영,조말선,3,Undirected
김수영,지젝,3,Undirected
김수영,최하연,3,Undirected
김수이,신해욱,3,Undirected
김언,김종삼,3,Undirected
김언,김춘수,3,Undirected
김언,최하연,3,Undirected
김이듬,박서원,3,Undirected
김이듬,신형철,3,Undirected
김이듬,최하연,3,Undirected
김종삼,들뢰즈,3,Undirected
김종삼,박상수,3,Undirected
김종삼,박서원,3,Undirected
김종삼,박판식,3,Undirected
김종삼,유형진,3,Undirected
김종삼,장석원,3,Undirected
김종삼,정재학,3,Undirected
김종삼,조말선,3,Undirected
김종삼,최하연,3,Undirected
김진수,신형철,3,Undirected
김진수,이장욱,3,Undirected
김춘수,들뢰즈,3,Undirected
김춘수,박상수,3,Undirected
김춘수,박서원,3,Undirected
김춘수,박판식,3,Undirected
김춘수,유형진,3,Undirected
김춘수,장석원,3,Undirected
김춘수,정재학,3,Undirected
김춘수,조말선,3,Undirected
김춘수,최하연,3,Undirected
김행숙,박서원,3,Undirected
김행숙,최하연,3,Undirected
김혜순,박상수,3,Undirected
김혜순,박판식,3,Undirected
김혜순,이기인,3,Undirected
김혜순,장석원,3,Undirected
김혜순,조말선,3,Undirected
김혜순,최하연,3,Undirected
들뢰즈,이영주,3,Undirected
들뢰즈,정재학,3,Undirected
말라르메,박상수,3,Undirected
말라르메,보들레르,3,Undirected
말라르메,이근화,3,Undirected
말라르메,이장욱,3,Undirected
말라르메,장석원,3,Undirected
말라르메,황병승,3,Undirected
박상수,보들레르,3,Undirected
박상수,이기인,3,Undirected
박상수,이영주,3,Undirected
박상수,정재학,3,Undirected
박상수,진수미,3,Undirected
박상수,최하연,3,Undirected
박서원,신해욱,3,Undirected
박서원,이근화,3,Undirected
박서원,조말선,3,Undirected
박판식,이근화,3,Undirected
박판식,장석원,3,Undirected
박판식,조연호,3,Undirected
박판식,최하연,3,Undirected
보들레르,이근화,3,Undirected
보들레르,장석원,3,Undirected
신해욱,신형철,3,Undirected
신해욱,정재학,3,Undirected
신해욱,최하연,3,Undirected
신형철,정재학,3,Undirected
신형철,조연호,3,Undirected
안현미,이장욱,3,Undirected
유형진,최하연,3,Undirected
이근화,이기인,3,Undirected
이근화,이영주,3,Undirected
이근화,최하연,3,Undirected
이기인,장석원,3,Undirected
이민하,최하연,3,Undirected
이영주,정재학,3,Undirected
이영주,조말선,3,Undirected
이장욱,최하연,3,Undirected
장석원,최하연,3,Undirected
정재학,조연호,3,Undirected
정재학,지젝,3,Undirected
정재학,진수미,3,Undirected
정재학,최하연,3,Undirected
최하연,황병승,3,Undirected
김언,하상일,3,Undirected
신형철,황병숭,3,Undirected
강성은,신영배,3,Undirected
강성은,이기성,3,Undirected
강성은,정영,3,Undirected
김경주,박진성,3,Undirected
김경주,박판식,3,Undirected
김경주,송승환,3,Undirected
김경주,신영배,3,Undirected
김경주,오은,3,Undirected
김경주,이준규,3,Undirected
김경주,정재학,3,Undirected
김근,송승환,3,Undirected
김민정,송승환,3,Undirected
김민정,오은,3,Undirected
김민정,이준규,3,Undirected
김성규,박상순,3,Undirected
김성규,신해욱,3,Undirected
김성규,오은,3,Undirected
김성규,이수명,3,Undirected
김성규,이준규,3,Undirected
김성규,황병승,3,Undirected
김수영,송승환,3,Undirected
김수영,오은,3,Undirected
김수영,이기성,3,Undirected
김수영,이승원,3,Undirected
김언,이수명,3,Undirected
김언,정영,3,Undirected
김언,최승자,3,Undirected
김이듬,송승환,3,Undirected
김이듬,신영배,3,Undirected
김이듬,오은,3,Undirected
김이듬,이수명,3,Undirected
김이듬,정영,3,Undirected
김이듬,최승자,3,Undirected
김종삼,박상순,3,Undirected
김종삼,이기성,3,Undirected
김종삼,이성복,3,Undirected
김종삼,이수명,3,Undirected
김종삼,진은영,3,Undirected
김종삼,함성호,3,Undirected
김종삼,황지우,3,Undirected
김중일,황병승,3,Undirected
김춘수,박상순,3,Undirected
김춘수,이기성,3,Undirected
김춘수,이성복,3,Undirected
김춘수,이수명,3,Undirected
김춘수,진은영,3,Undirected
김춘수,함성호,3,Undirected
김춘수,황지우,3,Undirected
김행숙,송승환,3,Undirected
김행숙,신영배,3,Undirected
김행숙,오은,3,Undirected
김혜순,박진성,3,Undirected
김혜순,이기성,3,Undirected
김혜순,함성호,3,Undirected
김혜순,황지우,3,Undirected
박상수,박진성,3,Undirected
박상수,신영배,3,Undirected
박상수,이준규,3,Undirected
박상수,정영,3,Undirected
박상순,오은,3,Undirected
박상순,이근화,3,Undirected
박상순,이기성,3,Undirected
박상순,이준규,3,Undirected
박상순,정재학,3,Undirected
박진성,이근화,3,Undirected
박진성,이수명,3,Undirected
박진성,정영,3,Undirected
박진성,최승자,3,Undirected
박판식,이성복,3,Undirected
박판식,정영,3,Undirected
박판식,진은영,3,Undirected
박판식,최승자,3,Undirected
박판식,황지우,3,Undirected
송승환,유형진,3,Undirected
송승환,이근화,3,Undirected
송승환,이성복,3,Undirected
송승환,이장욱,3,Undirected
송승환,장석원,3,Undirected
송승환,정재학,3,Undirected
송승환,진은영,3,Undirected
송승환,황병승,3,Undirected
송승환,황지우,3,Undirected
신영배,신해욱,3,Undirected
신영배,이기성,3,Undirected
신영배,이민하,3,Undirected
신영배,이수명,3,Undirected
신영배,이승원,3,Undirected
신영배,이준규,3,Undirected
신영배,장석원,3,Undirected
신영배,진은영,3,Undirected
신해욱,이준규,3,Undirected
신해욱,정영,3,Undirected
신해욱,최승자,3,Undirected
오은,이근화,3,Undirected
오은,이민하,3,Undirected
오은,이수명,3,Undirected
오은,이승원,3,Undirected
오은,이준규,3,Undirected
오은,장석원,3,Undirected
오은,최승자,3,Undirected
오은,황지우,3,Undirected
유형진,이수명,3,Undirected
유형진,정영,3,Undirected
유형진,최승자,3,Undirected
이근화,이준규,3,Undirected
이기성,이성복,3,Undirected
이기성,이수명,3,Undirected
이기성,정영,3,Undirected
이기성,함성호,3,Undirected
이기성,황지우,3,Undirected
이성복,정영,3,Undirected
이수명,이승원,3,Undirected
이수명,장석원,3,Undirected
이수명,정영,3,Undirected
이수명,정재학,3,Undirected
이수명,함성호,3,Undirected
이승원,이장욱,3,Undirected
이승원,이준규,3,Undirected
이승원,정영,3,Undirected
이승원,최승자,3,Undirected
이승원,황지우,3,Undirected
이장욱,이준규,3,Undirected
이장욱,최승자,3,Undirected
이준규,장석원,3,Undirected
이준규,정영,3,Undirected
장석원,정영,3,Undirected
장석원,최승자,3,Undirected
장석원,함성호,3,Undirected
정영,정재학,3,Undirected
정영,최승자,3,Undirected
정영,황지우,3,Undirected
정재학,최승자,3,Undirected
진은영,함성호,3,Undirected
신형철,황지우,3,Undirected
강정,김수영,3,Undirected
강정,황지우,3,Undirected
김수영,성기완,3,Undirected
성기완,함성호,3,Undirected
가타리,김민정,3,Undirected
가타리,김이듬,3,Undirected
가타리,김행숙,3,Undirected
가타리,들뢰즈,3,Undirected
가타리,신해욱,3,Undirected
가타리,이근화,3,Undirected
가타리,이기성,3,Undirected
가타리,이민하,3,Undirected
가타리,이상,3,Undirected
가타리,이장욱,3,Undirected
가타리,조말선,3,Undirected
가타리,진은영,3,Undirected
가타리,하재연,3,Undirected
가타리,황병승,3,Undirected
들뢰즈,이기성,3,Undirected
신해욱,이상,3,Undirected
이기성,이상,3,Undirected
이기성,조말선,3,Undirected
이기성,하재연,3,Undirected
이상,조말선,3,Undirected
이상,하재연,3,Undirected
이영주,정영,3,Undirected
조말선,진은영,3,Undirected
조말선,하재연,3,Undirected
기형도,김수영,3,Undirected
기형도,김이듬,3,Undirected
기형도,성기완,3,Undirected
기형도,이근화,3,Undirected
기형도,이수명,3,Undirected
기형도,이원,3,Undirected
기형도,진은영,3,Undirected
김민정,남진우,3,Undirected
김민정,성기완,3,Undirected
김수영,하재연,3,Undirected
김이듬,이원,3,Undirected
김춘수,이상,3,Undirected
김행숙,박남철,3,Undirected
김혜순,박남철,3,Undirected
김혜순,박주택,3,Undirected
김혜순,성기완,3,Undirected
김혜순,이상,3,Undirected
김혜순,이원,3,Undirected
남진우,이근화,3,Undirected
남진우,이수명,3,Undirected
남진우,이장욱,3,Undirected
들뢰즈,박남철,3,Undirected
들뢰즈,이원,3,Undirected
박남철,박주택,3,Undirected
박남철,이근화,3,Undirected
박남철,이상,3,Undirected
박남철,진은영,3,Undirected
박남철,하재연,3,Undirected
박상순,박서원,3,Undirected
박상순,성기완,3,Undirected
박상순,이원,3,Undirected
박서원,성기완,3,Undirected
박서원,이수명,3,Undirected
박서원,이원,3,Undirected
박주택,송찬호,3,Undirected
성기완,이민하,3,Undirected
성기완,이성복,3,Undirected
성기완,이장욱,3,Undirected
신해욱,이원,3,Undirected
이근화,이원,3,Undirected
이상,이수명,3,Undirected
이성복,이원,3,Undirected
이수명,이원,3,Undirected
이수명,하재연,3,Undirected
이원,진은영,3,Undirected
이원,함성호,3,Undirected
이원,황지우,3,Undirected
장정일,하재연,3,Undirected
하재연,황지우,3,Undirected
강정,김이듬,3,Undirected
강정,성미정,3,Undirected
강정,이상,3,Undirected
강정,허수경,3,Undirected
기형도,김경주,3,Undirected
기형도,정재학,3,Undirected
김경주,성미정,3,Undirected
김경주,이상,3,Undirected
김경주,장정일,3,Undirected
김경주,허수경,3,Undirected
김민정,라캉,3,Undirected
김민정,성미정,3,Undirected
김민정,진이정,3,Undirected
김언,이원,3,Undirected
김혜순,라캉,3,Undirected
김혜순,이문재,3,Undirected
라캉,박상순,3,Undirected
라캉,이민하,3,Undirected
라캉,이수명,3,Undirected
라캉,이장욱,3,Undirected
라캉,황병승,3,Undirected
박상수,성미정,3,Undirected
박상수,허수경,3,Undirected
박판식,이원,3,Undirected
성미정,이장욱,3,Undirected
성미정,허수경,3,Undirected
성미정,황병승,3,Undirected
유형진,이원,3,Undirected
이문재,진은영,3,Undirected
이문재,최승호,3,Undirected
이영주,이원,3,Undirected
이장욱,허수경,3,Undirected
진이정,황병승,3,Undirected
김지하,손택수,3,Undirected
김경주,이경수,3,Undirected
심보선,이경수,3,Undirected
심보선,장석원,3,Undirected
이경수,장석원,3,Undirected
심보선,이상,3,Undirected
심보선,정재학,3,Undirected
고봉준,심보선,3,Undirected
김민정,하상일,3,Undirected
문태준,신형철,3,Undirected
박노해,이문재,3,Undirected
백무산,이문재,3,Undirected
신형철,이상,3,Undirected
이장욱,하상일,3,Undirected
강정,문태준,3,Undirected
김경주,황병숭,3,Undirected
장석원,황병숭,3,Undirected
박상수,조강석,3,Undirected
가라타니고진,권혁웅,2,Undirected
가라타니고진,김형중,2,Undirected
가라타니고진,박진,2,Undirected
가라타니고진,신형철,2,Undirected
가라타니고진,심보선,2,Undirected
가라타니고진,이광호,2,Undirected
강계숙,강동호,2,Undirected
강계숙,문성해,2,Undirected
강계숙,서동욱,2,Undirected
강계숙,신형철,2,Undirected
강계숙,유희경,2,Undirected
강계숙,이우성,2,Undirected
강계숙,함돈균,2,Undirected
강동호,권혁웅,2,Undirected
강동호,서동욱,2,Undirected
강동호,신형철,2,Undirected
강동호,유희경,2,Undirected
강동호,이우성,2,Undirected
강동호,함돈균,2,Undirected
권혁웅,문성해,2,Undirected
권혁웅,박진,2,Undirected
권혁웅,신기섭,2,Undirected
권혁웅,유희경,2,Undirected
권혁웅,이우성,2,Undirected
권혁웅,이제니,2,Undirected
권혁웅,정한아,2,Undirected
권혁웅,조연정,2,Undirected
권혁웅,함돈균,2,Undirected
김경주,김형중,2,Undirected
김경주,김홍중,2,Undirected
김경주,신기섭,2,Undirected
김경주,이광호,2,Undirected
김경주,이제니,2,Undirected
김경주,정한아,2,Undirected
김경주,조연정,2,Undirected
김병호,김형중,2,Undirected
김병호,김홍중,2,Undirected
김병호,신기섭,2,Undirected
김병호,신형철,2,Undirected
김병호,심보선,2,Undirected
김병호,이광호,2,Undirected
김병호,정영,2,Undirected
김형중,박진,2,Undirected
김형중,신기섭,2,Undirected
김형중,신형철,2,Undirected
김형중,정영,2,Undirected
김형중,진은영,2,Undirected
김홍중,신형철,2,Undirected
김홍중,이장욱,2,Undirected
랑시에르,서동욱,2,Undirected
박진,신형철,2,Undirected
박진,이광호,2,Undirected
박진,이장욱,2,Undirected
박진,진은영,2,Undirected
서동욱,심보선,2,Undirected
서동욱,유희경,2,Undirected
서동욱,이우성,2,Undirected
서동욱,이장욱,2,Undirected
서동욱,진은영,2,Undirected
서동욱,함돈균,2,Undirected
신기섭,이광호,2,Undirected
신기섭,이장욱,2,Undirected
신기섭,정영,2,Undirected
신철규,심보선,2,Undirected
신형철,유희경,2,Undirected
신형철,이광호,2,Undirected
신형철,조연정,2,Undirected
유희경,이우성,2,Undirected
유희경,함돈균,2,Undirected
이광호,정영,2,Undirected
이우성,이장욱,2,Undirected
이우성,진은영,2,Undirected
이장욱,이제니,2,Undirected
이장욱,함돈균,2,Undirected
이제니,정영,2,Undirected
이제니,진은영,2,Undirected
조연정,진은영,2,Undirected
진은영,함돈균,2,Undirected
강성은,김언희,2,Undirected
강성은,최승호,2,Undirected
강성은,황성희,2,Undirected
고봉준,곽은영,2,Undirected
고봉준,들뢰즈,2,Undirected
고봉준,최승호,2,Undirected
곽은영,김민정,2,Undirected
곽은영,김행숙,2,Undirected
곽은영,이민하,2,Undirected
곽은영,장이지,2,Undirected
곽은영,진은영,2,Undirected
곽은영,황병승,2,Undirected
김민정,황성희,2,Undirected
김언희,데카르트,2,Undirected
김언희,들뢰즈,2,Undirected
김언희,이장욱,2,Undirected
김언희,장이지,2,Undirected
김언희,진은영,2,Undirected
김행숙,플라톤,2,Undirected
김행숙,황성희,2,Undirected
데카르트,들뢰즈,2,Undirected
데카르트,유형진,2,Undirected
데카르트,이민하,2,Undirected
데카르트,최승호,2,Undirected
데카르트,황병승,2,Undirected
들뢰즈,벤야민,2,Undirected
들뢰즈,플라톤,2,Undirected
벤야민,이근화,2,Undirected
벤야민,진은영,2,Undirected
벤야민,최승호,2,Undirected
유형진,황성희,2,Undirected
이근화,황성희,2,Undirected
이민하,황성희,2,Undirected
이장욱,플라톤,2,Undirected
이장욱,황성희,2,Undirected
장이지,최승호,2,Undirected
진은영,플라톤,2,Undirected
진은영,황성희,2,Undirected
플라톤,황병승,2,Undirected
황병승,황성희,2,Undirected
고봉준,김수영,2,Undirected
고봉준,문태준,2,Undirected
고봉준,이상,2,Undirected
김민정,브레히트,2,Undirected
김민정,아도르노,2,Undirected
김수영,박수연,2,Undirected
김수영,벤야민,2,Undirected
김수영,브레히트,2,Undirected
문태준,박성우,2,Undirected
문태준,박수연,2,Undirected
문태준,보들레르,2,Undirected
문태준,브레히트,2,Undirected
박성우,이상,2,Undirected
박성우,이장욱,2,Undirected
박수연,벤야민,2,Undirected
박수연,이상,2,Undirected
벤야민,보들레르,2,Undirected
벤야민,손택수,2,Undirected
벤야민,이상,2,Undirected
보들레르,손택수,2,Undirected
브레히트,이민하,2,Undirected
브레히트,황병승,2,Undirected
손택수,이상,2,Undirected
아도르노,유형진,2,Undirected
아도르노,이민하,2,Undirected
아도르노,이장욱,2,Undirected
아도르노,황병승,2,Undirected
고봉준,박상수,2,Undirected
고봉준,박상순,2,Undirected
김행숙,슬라보예지젝,2,Undirected
박상순,장이지,2,Undirected
박상순,조연호,2,Undirected
수전손택,조연호,2,Undirected
수전손택,황병승,2,Undirected
슬라보예지젝,황병승,2,Undirected
이승원,장이지,2,Undirected
장이지,조연호,2,Undirected
장이지,하재연,2,Undirected
조연호,하재연,2,Undirected
고영민,김신용,2,Undirected
김행숙,라캉,2,Undirected
김행숙,박노해,2,Undirected
들뢰즈,랑시에르,2,Undirected
들뢰즈,박노해,2,Undirected
라캉,랑시에르,2,Undirected
라캉,박노해,2,Undirected
라캉,신형철,2,Undirected
랑시에르,박노해,2,Undirected
박노해,신형철,2,Undirected
박노해,양창렬,2,Undirected
양창렬,진은영,2,Undirected
권혁응,김언희,2,Undirected
권혁응,장석원,2,Undirected
김언희,장석원,2,Undirected
권혁웅,박성우,2,Undirected
기형도,문태준,2,Undirected
기형도,박성우,2,Undirected
기형도,백석,2,Undirected
기형도,손택수,2,Undirected
김근,서정주,2,Undirected
김민정,백석,2,Undirected
문태준,서정주,2,Undirected
박성우,이성복,2,Undirected
백석,서정주,2,Undirected
백석,이민하,2,Undirected
백석,이상,2,Undirected
백석,이성복,2,Undirected
백석,장정일,2,Undirected
백석,황병승,2,Undirected
서정주,유형진,2,Undirected
서정주,이상,2,Undirected
소월,이상,2,Undirected
손택수,이성복,2,Undirected
손택수,장석원,2,Undirected
롤랑바르트,이경수,2,Undirected
롤랑바르트,이광호,2,Undirected
롤랑바르트,이장욱,2,Undirected
롤랑바르트,진은영,2,Undirected
문태준,이광호,2,Undirected
이남호,이장욱,2,Undirected
김수이,송찬호,2,Undirected
김수이,이문재,2,Undirected
김언,남진우,2,Undirected
김정환,남진우,2,Undirected
김정환,황병승,2,Undirected
남진우,송재학,2,Undirected
남진우,이문재,2,Undirected
강정,이하석,2,Undirected
권혁웅,성기완,2,Undirected
권혁웅,이하석,2,Undirected
김경주,이하석,2,Undirected
김수이,이원,2,Undirected
강계숙,김언,2,Undirected
강계숙,황병숭,2,Undirected
강계숙,황병승,2,Undirected
권혁웅,김기택,2,Undirected
권혁웅,김남주,2,Undirected
권혁웅,김신용,2,Undirected
권혁웅,김언희,2,Undirected
권혁웅,나희덕,2,Undirected
권혁웅,데카르트,2,Undirected
권혁웅,성찬경,2,Undirected
권혁웅,오규원,2,Undirected
권혁웅,이기철,2,Undirected
권혁웅,이시영,2,Undirected
권혁웅,장석주,2,Undirected
권혁웅,차창룡,2,Undirected
권혁웅,최승호,2,Undirected
권혁웅,최치언,2,Undirected
권혁웅,푸코,2,Undirected
김근,김언희,2,Undirected
김근,박남철,2,Undirected
김근,송재학,2,Undirected
김근,송찬호,2,Undirected
김근,유하,2,Undirected
김근,이성미,2,Undirected
김근,이재훈,2,Undirected
김근,장석주,2,Undirected
김근,최승호,2,Undirected
김근,최치언,2,Undirected
김근,푸코,2,Undirected
김근,함민복,2,Undirected
김근,황병숭,2,Undirected
김기택,김민정,2,Undirected
김기택,김수영,2,Undirected
김기택,김신용,2,Undirected
김기택,김언,2,Undirected
김기택,김지하,2,Undirected
김기택,나희덕,2,Undirected
김기택,박남철,2,Undirected
김기택,박상순,2,Undirected
김기택,박진성,2,Undirected
김기택,송재학,2,Undirected
김기택,송찬호,2,Undirected
김기택,오세영,2,Undirected
김기택,유형진,2,Undirected
김기택,이기인,2,Undirected
김기택,이민하,2,Undirected
김기택,이은봉,2,Undirected
김기택,장석주,2,Undirected
김기택,황동규,2,Undirected
김기택,황병승,2,Undirected
김남주,김민정,2,Undirected
김남주,김언,2,Undirected
김남주,김지하,2,Undirected
김남주,박노해,2,Undirected
김남주,박진성,2,Undirected
김남주,유형진,2,Undirected
김남주,이기인,2,Undirected
김남주,이민하,2,Undirected
김남주,이성복,2,Undirected
김남주,이영주,2,Undirected
김남주,진수미,2,Undirected
김남주,황병승,2,Undirected
김남주,황지우,2,Undirected
김명인,김민정,2,Undirected
김명인,김수영,2,Undirected
김명인,김이듬,2,Undirected
김명인,박남철,2,Undirected
김명인,박상순,2,Undirected
김명인,서정주,2,Undirected
김명인,송찬호,2,Undirected
김명인,신경림,2,Undirected
김명인,신동엽,2,Undirected
김명인,신해욱,2,Undirected
김명인,유하,2,Undirected
김명인,이민하,2,Undirected
김명인,이성복,2,Undirected
김명인,이시영,2,Undirected
김명인,이윤학,2,Undirected
김명인,장석남,2,Undirected
김명인,장정일,2,Undirected
김명인,조정권,2,Undirected
김명인,함성호,2,Undirected
김명인,황병승,2,Undirected
김명인,황지우,2,Undirected
김민정,김신용,2,Undirected
김민정,성찬경,2,Undirected
김민정,송재학,2,Undirected
김민정,신경림,2,Undirected
김민정,신동엽,2,Undirected
김민정,이기철,2,Undirected
김민정,이성미,2,Undirected
김민정,이시영,2,Undirected
김민정,이윤학,2,Undirected
김민정,이재훈,2,Undirected
김민정,장석남,2,Undirected
김민정,장석주,2,Undirected
김민정,조정권,2,Undirected
김민정,차창룡,2,Undirected
김민정,최치언,2,Undirected
김민정,푸코,2,Undirected
김민정,함민복,2,Undirected
김수영,김신용,2,Undirected
김수영,김진수,2,Undirected
김수영,서정주,2,Undirected
김수영,송재학,2,Undirected
김수영,신경림,2,Undirected
김수영,신동엽,2,Undirected
김수영,오세영,2,Undirected
김수영,이성미,2,Undirected
김수영,이시영,2,Undirected
김수영,이윤학,2,Undirected
김수영,이재훈,2,Undirected
김수영,장석남,2,Undirected
김수영,장석주,2,Undirected
김수영,조정권,2,Undirected
김수영,최치언,2,Undirected
김수영,푸코,2,Undirected
김수영,하종오,2,Undirected
김수영,함민복,2,Undirected
김수영,허수경,2,Undirected
김수영,황동규,2,Undirected
김신용,김언,2,Undirected
김신용,나희덕,2,Undirected
김신용,문태준,2,Undirected
김신용,박노해,2,Undirected
김신용,박상순,2,Undirected
김신용,박진성,2,Undirected
김신용,백무산,2,Undirected
김신용,오세영,2,Undirected
김신용,유형진,2,Undirected
김신용,이기인,2,Undirected
김신용,이민하,2,Undirected
김신용,최승호,2,Undirected
김신용,황동규,2,Undirected
김신용,황병승,2,Undirected
김언,김언희,2,Undirected
김언,김지하,2,Undirected
김언,나희덕,2,Undirected
김언,박남철,2,Undirected
김언,백무산,2,Undirected
김언,오세영,2,Undirected
김언,유하,2,Undirected
김언,이성미,2,Undirected
김언,이재훈,2,Undirected
김언,장정일,2,Undirected
김언,최치언,2,Undirected
김언,푸코,2,Undirected
김언,함민복,2,Undirected
김언,황동규,2,Undirected
김언,황병숭,2,Undirected
김언희,김이듬,2,Undirected
김언희,김진수,2,Undirected
김언희,나희덕,2,Undirected
김언희,문태준,2,Undirected
김언희,백무산,2,Undirected
김언희,송찬호,2,Undirected
김언희,신해욱,2,Undirected
김언희,이기인,2,Undirected
김언희,이성복,2,Undirected
김언희,이영주,2,Undirected
김언희,최치언,2,Undirected
김언희,푸코,2,Undirected
김이듬,문태준,2,Undirected
김이듬,백무산,2,Undirected
김이듬,서정주,2,Undirected
김이듬,송재학,2,Undirected
김이듬,신경림,2,Undirected
김이듬,신동엽,2,Undirected
김이듬,이성미,2,Undirected
김이듬,이시영,2,Undirected
김이듬,이윤학,2,Undirected
김이듬,이재훈,2,Undirected
김이듬,장석남,2,Undirected
김이듬,장석주,2,Undirected
김이듬,조정권,2,Undirected
김이듬,최승호,2,Undirected
김이듬,최치언,2,Undirected
김이듬,푸코,2,Undirected
김이듬,하종오,2,Undirected
김이듬,함민복,2,Undirected
김지하,박남철,2,Undirected
김지하,백무산,2,Undirected
김지하,성찬경,2,Undirected
김지하,송재학,2,Undirected
김지하,송찬호,2,Undirected
김지하,오세영,2,Undirected
김지하,유형진,2,Undirected
김지하,이기인,2,Undirected
김지하,이기철,2,Undirected
김지하,이민하,2,Undirected
김지하,이성복,2,Undirected
김지하,이영주,2,Undirected
김지하,이은봉,2,Undirected
김지하,장석주,2,Undirected
김지하,진수미,2,Undirected
김지하,차창룡,2,Undirected
김지하,최승호,2,Undirected
김지하,하종오,2,Undirected
김지하,함성호,2,Undirected
김지하,허수경,2,Undirected
김지하,황동규,2,Undirected
김지하,황병숭,2,Undirected
김지하,황지우,2,Undirected
김진수,박진성,2,Undirected
김진수,최치언,2,Undirected
김진수,푸코,2,Undirected
김진수,허수경,2,Undirected
김진수,황병숭,2,Undirected
나희덕,박노해,2,Undirected
나희덕,박상순,2,Undirected
나희덕,박진성,2,Undirected
나희덕,송찬호,2,Undirected
나희덕,오세영,2,Undirected
나희덕,유형진,2,Undirected
나희덕,이기인,2,Undirected
나희덕,이성복,2,Undirected
나희덕,진수미,2,Undirected
나희덕,황동규,2,Undirected
데카르트,오세영,2,Undirected
데카르트,황동규,2,Undirected
문태준,박남철,2,Undirected
문태준,박상순,2,Undirected
문태준,성찬경,2,Undirected
문태준,송재학,2,Undirected
문태준,신해욱,2,Undirected
문태준,이기철,2,Undirected
문태준,이은봉,2,Undirected
문태준,진수미,2,Undirected
문태준,차창룡,2,Undirected
문태준,하종오,2,Undirected
문태준,함성호,2,Undirected
문태준,허수경,2,Undirected
박남철,박노해,2,Undirected
박남철,박진성,2,Undirected
박남철,서정주,2,Undirected
박남철,신경림,2,Undirected
박남철,신동엽,2,Undirected
박남철,유형진,2,Undirected
박남철,이영주,2,Undirected
박남철,이윤학,2,Undirected
박남철,이은봉,2,Undirected
박남철,이재훈,2,Undirected
박남철,장석남,2,Undirected
박남철,장석주,2,Undirected
박남철,조정권,2,Undirected
박남철,하종오,2,Undirected
박남철,함민복,2,Undirected
박남철,허수경,2,Undirected
박노해,박상순,2,Undirected
박노해,송재학,2,Undirected
박노해,송찬호,2,Undirected
박노해,오세영,2,Undirected
박노해,이성복,2,Undirected
박노해,이영주,2,Undirected
박노해,이은봉,2,Undirected
박노해,장석주,2,Undirected
박노해,진수미,2,Undirected
박노해,황동규,2,Undirected
박노해,황지우,2,Undirected
박상순,백무산,2,Undirected
박상순,서정주,2,Undirected
박상순,송재학,2,Undirected
박상순,신경림,2,Undirected
박상순,신동엽,2,Undirected
박상순,오세영,2,Undirected
박상순,이성미,2,Undirected
박상순,이시영,2,Undirected
박상순,이영주,2,Undirected
박상순,이윤학,2,Undirected
박상순,이재훈,2,Undirected
박상순,장석남,2,Undirected
박상순,조정권,2,Undirected
박상순,진수미,2,Undirected
박상순,함민복,2,Undirected
박상순,허수경,2,Undirected
박상순,황동규,2,Undirected
박진성,백무산,2,Undirected
박진성,송재학,2,Undirected
박진성,송찬호,2,Undirected
박진성,오세영,2,Undirected
박진성,유하,2,Undirected
박진성,이성미,2,Undirected
박진성,이재훈,2,Undirected
박진성,장정일,2,Undirected
박진성,함민복,2,Undirected
박진성,황동규,2,Undirected
백무산,송재학,2,Undirected
백무산,신해욱,2,Undirected
백무산,오세영,2,Undirected
백무산,유형진,2,Undirected
백무산,이성복,2,Undirected
백무산,이은봉,2,Undirected
백무산,장석주,2,Undirected
백무산,장정일,2,Undirected
백무산,진수미,2,Undirected
백무산,하종오,2,Undirected
백무산,황동규,2,Undirected
백무산,황지우,2,Undirected
서정주,송찬호,2,Undirected
서정주,신경림,2,Undirected
서정주,신동엽,2,Undirected
서정주,신해욱,2,Undirected
서정주,유하,2,Undirected
서정주,이시영,2,Undirected
서정주,이윤학,2,Undirected
서정주,장석남,2,Undirected
서정주,조정권,2,Undirected
서정주,함성호,2,Undirected
성찬경,오세영,2,Undirected
성찬경,이기철,2,Undirected
성찬경,차창룡,2,Undirected
성찬경,하종오,2,Undirected
성찬경,허수경,2,Undirected
성찬경,황동규,2,Undirected
성찬경,황병숭,2,Undirected
성찬경,황병승,2,Undirected
송재학,신해욱,2,Undirected
송재학,오규원,2,Undirected
송재학,유하,2,Undirected
송재학,유형진,2,Undirected
송재학,이민하,2,Undirected
송재학,이성복,2,Undirected
송재학,이영주,2,Undirected
송재학,이은봉,2,Undirected
송재학,이재훈,2,Undirected
송재학,장석주,2,Undirected
송재학,장정일,2,Undirected
송재학,함민복,2,Undirected
송재학,함성호,2,Undirected
송재학,허수경,2,Undirected
송재학,황지우,2,Undirected
송찬호,신경림,2,Undirected
송찬호,신동엽,2,Undirected
송찬호,오규원,2,Undirected
송찬호,유형진,2,Undirected
송찬호,이시영,2,Undirected
송찬호,이영주,2,Undirected
송찬호,이윤학,2,Undirected
송찬호,이은봉,2,Undirected
송찬호,이재훈,2,Undirected
송찬호,장석남,2,Undirected
송찬호,장석주,2,Undirected
송찬호,조정권,2,Undirected
송찬호,진수미,2,Undirected
송찬호,함민복,2,Undirected
송찬호,허수경,2,Undirected
신경림,신동엽,2,Undirected
신경림,신해욱,2,Undirected
신경림,유하,2,Undirected
신경림,이민하,2,Undirected
신경림,이성복,2,Undirected
신경림,이시영,2,Undirected
신경림,이윤학,2,Undirected
신경림,장석남,2,Undirected
신경림,장정일,2,Undirected
신경림,조정권,2,Undirected
신경림,함성호,2,Undirected
신경림,황병승,2,Undirected
신경림,황지우,2,Undirected
신동엽,신해욱,2,Undirected
신동엽,유하,2,Undirected
신동엽,이민하,2,Undirected
신동엽,이성복,2,Undirected
신동엽,이시영,2,Undirected
신동엽,이윤학,2,Undirected
신동엽,장석남,2,Undirected
신동엽,장정일,2,Undirected
신동엽,조정권,2,Undirected
신동엽,함성호,2,Undirected
신동엽,황병승,2,Undirected
신동엽,황지우,2,Undirected
신해욱,이성미,2,Undirected
신해욱,이시영,2,Undirected
신해욱,이윤학,2,Undirected
신해욱,이재훈,2,Undirected
신해욱,장석남,2,Undirected
신해욱,조정권,2,Undirected
신해욱,최승호,2,Undirected
신해욱,최치언,2,Undirected
신해욱,푸코,2,Undirected
신해욱,하종오,2,Undirected
신해욱,함민복,2,Undirected
오규원,유하,2,Undirected
오규원,이기인,2,Undirected
오규원,이성미,2,Undirected
오규원,이시영,2,Undirected
오규원,이영주,2,Undirected
오규원,이재훈,2,Undirected
오규원,진수미,2,Undirected
오규원,최승호,2,Undirected
오규원,함민복,2,Undirected
오규원,허수경,2,Undirected
오세영,유형진,2,Undirected
오세영,이기인,2,Undirected
오세영,이기철,2,Undirected
오세영,이민하,2,Undirected
오세영,차창룡,2,Undirected
오세영,최승호,2,Undirected
오세영,하종오,2,Undirected
오세영,허수경,2,Undirected
오세영,황병숭,2,Undirected
유하,유형진,2,Undirected
유하,이시영,2,Undirected
유하,이영주,2,Undirected
유하,이윤학,2,Undirected
유하,이재훈,2,Undirected
유하,장석남,2,Undirected
유하,조정권,2,Undirected
유하,최승호,2,Undirected
유하,함민복,2,Undirected
유하,허수경,2,Undirected
유형진,이성미,2,Undirected
유형진,이재훈,2,Undirected
유형진,장석주,2,Undirected
유형진,최치언,2,Undirected
유형진,푸코,2,Undirected
유형진,함민복,2,Undirected
유형진,황동규,2,Undirected
유형진,황병숭,2,Undirected
이기인,이성미,2,Undirected
이기인,장석주,2,Undirected
이기인,장정일,2,Undirected
이기인,최승호,2,Undirected
이기인,최치언,2,Undirected
이기인,푸코,2,Undirected
이기인,함성호,2,Undirected
이기인,허수경,2,Undirected
이기인,황동규,2,Undirected
이기철,차창룡,2,Undirected
이기철,하종오,2,Undirected
이기철,허수경,2,Undirected
이기철,황동규,2,Undirected
이기철,황병숭,2,Undirected
이기철,황병승,2,Undirected
이민하,이성미,2,Undirected
이민하,이시영,2,Undirected
이민하,이윤학,2,Undirected
이민하,이재훈,2,Undirected
이민하,장석남,2,Undirected
이민하,조정권,2,Undirected
이민하,최치언,2,Undirected
이민하,푸코,2,Undirected
이민하,하종오,2,Undirected
이민하,함민복,2,Undirected
이민하,황동규,2,Undirected
이민하,황병숭,2,Undirected
이성미,이성복,2,Undirected
이성미,진수미,2,Undirected
이성미,함성호,2,Undirected
이성미,황병승,2,Undirected
이성미,황지우,2,Undirected
이성복,이시영,2,Undirected
이성복,이윤학,2,Undirected
이성복,이재훈,2,Undirected
이성복,장석남,2,Undirected
이성복,장석주,2,Undirected
이성복,조정권,2,Undirected
이성복,함민복,2,Undirected
이성복,허수경,2,Undirected
이시영,이윤학,2,Undirected
이시영,장석남,2,Undirected
이시영,조정권,2,Undirected
이시영,함성호,2,Undirected
이시영,황병승,2,Undirected
이영주,이재훈,2,Undirected
이영주,장정일,2,Undirected
이영주,최승호,2,Undirected
이영주,최치언,2,Undirected
이영주,푸코,2,Undirected
이영주,함민복,2,Undirected
이영주,함성호,2,Undirected
이윤학,장석남,2,Undirected
이윤학,장정일,2,Undirected
이윤학,조정권,2,Undirected
이윤학,함성호,2,Undirected
이윤학,황병승,2,Undirected
이윤학,황지우,2,Undirected
이은봉,장석주,2,Undirected
이은봉,최승호,2,Undirected
이재훈,장정일,2,Undirected
이재훈,최승호,2,Undirected
이재훈,함민복,2,Undirected
이재훈,함성호,2,Undirected
이재훈,허수경,2,Undirected
이재훈,황병승,2,Undirected
이재훈,황지우,2,Undirected
장석남,장정일,2,Undirected
장석남,조정권,2,Undirected
장석남,함성호,2,Undirected
장석남,황병승,2,Undirected
장석남,황지우,2,Undirected
장석주,장정일,2,Undirected
장석주,최승호,2,Undirected
장석주,황병승,2,Undirected
장석주,황지우,2,Undirected
장정일,조정권,2,Undirected
장정일,최승호,2,Undirected
장정일,하종오,2,Undirected
장정일,함민복,2,Undirected
장정일,허수경,2,Undirected
조정권,함성호,2,Undirected
조정권,황병승,2,Undirected
조정권,황지우,2,Undirected
진수미,최승호,2,Undirected
진수미,최치언,2,Undirected
진수미,푸코,2,Undirected
진수미,함성호,2,Undirected
진수미,허수경,2,Undirected
차창룡,하종오,2,Undirected
차창룡,허수경,2,Undirected
차창룡,황동규,2,Undirected
차창룡,황병숭,2,Undirected
차창룡,황병승,2,Undirected
최승호,함민복,2,Undirected
최승호,함성호,2,Undirected
최승호,허수경,2,Undirected
최승호,황동규,2,Undirected
최승호,황지우,2,Undirected
최치언,푸코,2,Undirected
최치언,황병승,2,Undirected
푸코,황병승,2,Undirected
하종오,허수경,2,Undirected
하종오,황동규,2,Undirected
하종오,황병숭,2,Undirected
하종오,황지우,2,Undirected
함민복,함성호,2,Undirected
함민복,허수경,2,Undirected
함민복,황병승,2,Undirected
함민복,황지우,2,Undirected
함성호,허수경,2,Undirected
허수경,황동규,2,Undirected
허수경,황병숭,2,Undirected
허수경,황지우,2,Undirected
황동규,황병숭,2,Undirected
김경주,김소연,2,Undirected
김경주,김영승,2,Undirected
김경주,박라연,2,Undirected
김경주,송경동,2,Undirected
김경주,송찬호,2,Undirected
김경주,위선환,2,Undirected
김경주,이병률,2,Undirected
김경주,최승호,2,Undirected
김민정,김선우,2,Undirected
김민정,김소연,2,Undirected
김민정,김영승,2,Undirected
김민정,바슐라르,2,Undirected
김민정,박라연,2,Undirected
김민정,부르디외,2,Undirected
김민정,송경동,2,Undirected
김민정,안도현,2,Undirected
김민정,이병률,2,Undirected
김선우,김수영,2,Undirected
김선우,김수이,2,Undirected
김선우,김혜순,2,Undirected
김선우,나희덕,2,Undirected
김선우,랑시에르,2,Undirected
김선우,문태준,2,Undirected
김선우,백무산,2,Undirected
김선우,심보선,2,Undirected
김선우,안도현,2,Undirected
김선우,유성호,2,Undirected
김선우,이민하,2,Undirected
김선우,진은영,2,Undirected
김선우,최승호,2,Undirected
김선우,황병승,2,Undirected
김소연,문태준,2,Undirected
김소연,박라연,2,Undirected
김소연,이근화,2,Undirected
김소연,조강석,2,Undirected
김소연,황병승,2,Undirected
김수영,김영승,2,Undirected
김수영,바슐라르,2,Undirected
김수영,안도현,2,Undirected
김수영,유성호,2,Undirected
김수영,이병률,2,Undirected
김수이,김언희,2,Undirected
김수이,나희덕,2,Undirected
김수이,랑시에르,2,Undirected
김수이,문태준,2,Undirected
김수이,바슐라르,2,Undirected
김수이,부르디외,2,Undirected
김수이,송경동,2,Undirected
김수이,안도현,2,Undirected
김수이,이근화,2,Undirected
김수이,최승호,2,Undirected
김언희,김혜순,2,Undirected
김언희,바슐라르,2,Undirected
김언희,조연호,2,Undirected
김영승,김행숙,2,Undirected
김영승,랑시에르,2,Undirected
김영승,문태준,2,Undirected
김영승,심보선,2,Undirected
김영승,이근화,2,Undirected
김영승,이병률,2,Undirected
김영승,이성복,2,Undirected
김영승,조연호,2,Undirected
김영승,진은영,2,Undirected
김영승,황병승,2,Undirected
김행숙,바슐라르,2,Undirected
김행숙,백무산,2,Undirected
김행숙,부르디외,2,Undirected
김행숙,송경동,2,Undirected
김행숙,유성호,2,Undirected
김행숙,이병률,2,Undirected
김혜순,나희덕,2,Undirected
김혜순,랑시에르,2,Undirected
김혜순,바슐라르,2,Undirected
김혜순,심보선,2,Undirected
김혜순,안도현,2,Undirected
김혜순,유성호,2,Undirected
김혜순,채호기,2,Undirected
나희덕,랑시에르,2,Undirected
나희덕,심보선,2,Undirected
나희덕,안도현,2,Undirected
나희덕,유성호,2,Undirected
나희덕,진은영,2,Undirected
랑시에르,백무산,2,Undirected
랑시에르,안도현,2,Undirected
랑시에르,유성호,2,Undirected
랑시에르,이근화,2,Undirected
랑시에르,이민하,2,Undirected
랑시에르,이병률,2,Undirected
랑시에르,이성복,2,Undirected
랑시에르,조연호,2,Undirected
랑시에르,최승호,2,Undirected
문태준,박라연,2,Undirected
문태준,송경동,2,Undirected
문태준,안도현,2,Undirected
문태준,유성호,2,Undirected
문태준,이병률,2,Undirected
문태준,조연호,2,Undirected
문태준,채호기,2,Undirected
바슐라르,이근화,2,Undirected
바슐라르,이민하,2,Undirected
바슐라르,조연호,2,Undirected
바슐라르,진수미,2,Undirected
바슐라르,황병승,2,Undirected
박라연,이근화,2,Undirected
박라연,조강석,2,Undirected
박라연,황병승,2,Undirected
백무산,송경동,2,Undirected
백무산,안도현,2,Undirected
백무산,유성호,2,Undirected
백무산,이근화,2,Undirected
백무산,조연호,2,Undirected
백무산,채호기,2,Undirected
백무산,최승자,2,Undirected
부르디외,이민하,2,Undirected
부르디외,조강석,2,Undirected
부르디외,진은영,2,Undirected
부르디외,황병승,2,Undirected
송경동,진은영,2,Undirected
송경동,황병승,2,Undirected
송찬호,채호기,2,Undirected
송찬호,최승자,2,Undirected
심보선,안도현,2,Undirected
심보선,유성호,2,Undirected
심보선,이병률,2,Undirected
심보선,이성복,2,Undirected
심보선,최승자,2,Undirected
심보선,최승호,2,Undirected
안도현,유성호,2,Undirected
안도현,이민하,2,Undirected
안도현,진은영,2,Undirected
안도현,최승호,2,Undirected
안도현,황병승,2,Undirected
위선환,이성복,2,Undirected
위선환,조연호,2,Undirected
위선환,황병승,2,Undirected
유성호,진은영,2,Undirected
유성호,최승호,2,Undirected
이근화,이병률,2,Undirected
이병률,이성복,2,Undirected
이병률,조연호,2,Undirected
이병률,진은영,2,Undirected
이병률,황병승,2,Undirected
채호기,최승호,2,Undirected
최승자,최승호,2,Undirected
김경주,류신,2,Undirected
김경주,알랭바디우,2,Undirected
류신,이기인,2,Undirected
류신,이장욱,2,Undirected
류신,진은영,2,Undirected
리오타르,심보선,2,Undirected
백무산,이장욱,2,Undirected
백무산,칸트,2,Undirected
백석,이장욱,2,Undirected
백석,진은영,2,Undirected
심보선,칸트,2,Undirected
알랭바디우,이장욱,2,Undirected
알랭바디우,진은영,2,Undirected
이장욱,자크랑시에르,2,Undirected
진은영,칸트,2,Undirected
가라타니고진,김행숙,2,Undirected
권혁응,김수이,2,Undirected
권혁응,김언,2,Undirected
권혁응,김행숙,2,Undirected
권혁응,바흐친,2,Undirected
권혁응,신형철,2,Undirected
권혁응,이민하,2,Undirected
권혁응,이영주,2,Undirected
권혁응,이장욱,2,Undirected
김민정,김형중,2,Undirected
김민정,롤랑바르트,2,Undirected
김수이,이경수,2,Undirected
김언,이경수,2,Undirected
김행숙,바흐친,2,Undirected
김행숙,이경수,2,Undirected
김형중,이경수,2,Undirected
김형중,조강석,2,Undirected
김형중,황병승,2,Undirected
롤랑바르트,황병승,2,Undirected
바흐친,이경수,2,Undirected
바흐친,이영주,2,Undirected
바흐친,진은영,2,Undirected
아도르노,진은영,2,Undirected
유형진,이경수,2,Undirected
유형진,조강석,2,Undirected
이경수,조강석,2,Undirected
이광호,조강석,2,Undirected
이광호,황병승,2,Undirected
문태준,박동억,2,Undirected
문태준,박준,2,Undirected
문태준,서동욱,2,Undirected
문태준,신용목,2,Undirected
문태준,최성만,2,Undirected
박동억,박준,2,Undirected
박동억,서효인,2,Undirected
박동억,신용목,2,Undirected
박준,서효인,2,Undirected
박준,신용목,2,Undirected
박준,황인찬,2,Undirected
벤야민,서동욱,2,Undirected
벤야민,최성만,2,Undirected
서동욱,최성만,2,Undirected
서효인,신용목,2,Undirected
서효인,황지우,2,Undirected
신용목,황지우,2,Undirected
김승일,신해욱,2,Undirected
김승일,심보선,2,Undirected
김언,신용목,2,Undirected
김언,심보선,2,Undirected
김행숙,서효인,2,Undirected
김행숙,신용목,2,Undirected
김현,황병승,2,Undirected
박준,신해욱,2,Undirected
박준,황병승,2,Undirected
서효인,심보선,2,Undirected
서효인,황병승,2,Undirected
신용목,황병승,2,Undirected
신해욱,심보선,2,Undirected
강정,지젝,2,Undirected
강정,프로이트,2,Undirected
강정,하재연,2,Undirected
권혁웅,하재연,2,Undirected
박상수,지젝,2,Undirected
신형철,프로이트,2,Undirected
신형철,하재연,2,Undirected
이근화,지젝,2,Undirected
이민하,프로이트,2,Undirected
이장욱,프로이트,2,Undirected
지젝,진은영,2,Undirected
지젝,프로이트,2,Undirected
강성은,김구용,2,Undirected
강성은,말라르메,2,Undirected
강성은,박서원,2,Undirected
강성은,보들레르,2,Undirected
강성은,야콥슨,2,Undirected
강성은,이기인,2,Undirected
강성은,조연호,2,Undirected
강성은,진수미,2,Undirected
권혁웅,김록,2,Undirected
권혁웅,김혜순,2,Undirected
권혁웅,말라르메,2,Undirected
권혁웅,보들레르,2,Undirected
권혁웅,안현미,2,Undirected
권혁웅,장이지,2,Undirected
김구용,김근,2,Undirected
김구용,김민정,2,Undirected
김구용,김수영,2,Undirected
김구용,김언,2,Undirected
김구용,김이듬,2,Undirected
김구용,김종삼,2,Undirected
김구용,김춘수,2,Undirected
김구용,김행숙,2,Undirected
김구용,김혜순,2,Undirected
김구용,말라르메,2,Undirected
김구용,박상수,2,Undirected
김구용,박판식,2,Undirected
김구용,보들레르,2,Undirected
김구용,신해욱,2,Undirected
김구용,유형진,2,Undirected
김구용,이근화,2,Undirected
김구용,이기인,2,Undirected
김구용,이민하,2,Undirected
김구용,이장욱,2,Undirected
김구용,장석원,2,Undirected
김구용,정재학,2,Undirected
김구용,조연호,2,Undirected
김구용,진수미,2,Undirected
김구용,최하연,2,Undirected
김구용,황병승,2,Undirected
김근,들뢰즈,2,Undirected
김근,말라르메,2,Undirected
김근,박서원,2,Undirected
김근,보들레르,2,Undirected
김근,야콥슨,2,Undirected
김근,장이지,2,Undirected
김근,조말선,2,Undirected
김록,김민정,2,Undirected
김록,김언,2,Undirected
김록,김행숙,2,Undirected
김록,박판식,2,Undirected
김록,유형진,2,Undirected
김록,이기인,2,Undirected
김록,이민하,2,Undirected
김록,이영주,2,Undirected
김록,이장욱,2,Undirected
김록,정재학,2,Undirected
김록,진수미,2,Undirected
김민정,야콥슨,2,Undirected
김수영,말라르메,2,Undirected
김수영,바흐친,2,Undirected
김수영,야콥슨,2,Undirected
김수영,장이지,2,Undirected
김수이,김이듬,2,Undirected
김수이,김진수,2,Undirected
김수이,들뢰즈,2,Undirected
김수이,박판식,2,Undirected
김수이,장석원,2,Undirected
김수이,정재학,2,Undirected
김수이,지젝,2,Undirected
김언,말라르메,2,Undirected
김언,박서원,2,Undirected
김언,보들레르,2,Undirected
김언,야콥슨,2,Undirected
김언,조말선,2,Undirected
김이듬,말라르메,2,Undirected
김이듬,보들레르,2,Undirected
김이듬,야콥슨,2,Undirected
김종삼,말라르메,2,Undirected
김종삼,보들레르,2,Undirected
김종삼,야콥슨,2,Undirected
김종삼,이기인,2,Undirected
김종삼,이영주,2,Undirected
김종삼,장이지,2,Undirected
김종삼,조연호,2,Undirected
김종삼,진수미,2,Undirected
김진수,김행숙,2,Undirected
김진수,박상수,2,Undirected
김진수,박판식,2,Undirected
김진수,장석원,2,Undirected
김진수,조연호,2,Undirected
김춘수,말라르메,2,Undirected
김춘수,보들레르,2,Undirected
김춘수,안현미,2,Undirected
김춘수,야콥슨,2,Undirected
김춘수,이기인,2,Undirected
김춘수,이영주,2,Undirected
김춘수,장이지,2,Undirected
김춘수,조연호,2,Undirected
김춘수,진수미,2,Undirected
김행숙,말라르메,2,Undirected
김행숙,보들레르,2,Undirected
김행숙,야콥슨,2,Undirected
김혜순,말라르메,2,Undirected
김혜순,바흐친,2,Undirected
김혜순,보들레르,2,Undirected
김혜순,신형철,2,Undirected
김혜순,야콥슨,2,Undirected
김혜순,이영주,2,Undirected
김혜순,장이지,2,Undirected
김혜순,지젝,2,Undirected
들뢰즈,바흐친,2,Undirected
들뢰즈,박판식,2,Undirected
들뢰즈,야콥슨,2,Undirected
들뢰즈,이기인,2,Undirected
들뢰즈,조연호,2,Undirected
들뢰즈,최하연,2,Undirected
말라르메,박판식,2,Undirected
말라르메,신해욱,2,Undirected
말라르메,안현미,2,Undirected
말라르메,유형진,2,Undirected
말라르메,이기인,2,Undirected
말라르메,이민하,2,Undirected
말라르메,정재학,2,Undirected
말라르메,조연호,2,Undirected
말라르메,진수미,2,Undirected
말라르메,최하연,2,Undirected
바흐친,이기인,2,Undirected
바흐친,정재학,2,Undirected
바흐친,지젝,2,Undirected
박상수,박서원,2,Undirected
박상수,안현미,2,Undirected
박상수,야콥슨,2,Undirected
박상수,조말선,2,Undirected
박서원,박판식,2,Undirected
박서원,야콥슨,2,Undirected
박서원,유형진,2,Undirected
박서원,이영주,2,Undirected
박서원,장석원,2,Undirected
박서원,장이지,2,Undirected
박서원,정재학,2,Undirected
박서원,최하연,2,Undirected
박판식,보들레르,2,Undirected
박판식,신형철,2,Undirected
박판식,야콥슨,2,Undirected
박판식,장이지,2,Undirected
박판식,조말선,2,Undirected
보들레르,신해욱,2,Undirected
보들레르,안현미,2,Undirected
보들레르,이기인,2,Undirected
보들레르,정재학,2,Undirected
보들레르,조연호,2,Undirected
보들레르,진수미,2,Undirected
보들레르,최하연,2,Undirected
신해욱,야콥슨,2,Undirected
신형철,진수미,2,Undirected
안현미,이근화,2,Undirected
안현미,장석원,2,Undirected
안현미,황병승,2,Undirected
야콥슨,유형진,2,Undirected
야콥슨,이근화,2,Undirected
야콥슨,이민하,2,Undirected
야콥슨,이영주,2,Undirected
야콥슨,이장욱,2,Undirected
야콥슨,장석원,2,Undirected
야콥슨,장이지,2,Undirected
야콥슨,정재학,2,Undirected
야콥슨,조말선,2,Undirected
야콥슨,최하연,2,Undirected
야콥슨,황병승,2,Undirected
유형진,조말선,2,Undirected
유형진,지젝,2,Undirected
이기인,지젝,2,Undirected
이기인,최하연,2,Undirected
이영주,장석원,2,Undirected
이영주,장이지,2,Undirected
이영주,조연호,2,Undirected
이영주,최하연,2,Undirected
장석원,장이지,2,Undirected
장석원,조말선,2,Undirected
장석원,진수미,2,Undirected
장이지,정재학,2,Undirected
장이지,조말선,2,Undirected
장이지,최하연,2,Undirected
정재학,조말선,2,Undirected
조말선,최하연,2,Undirected
조연호,최하연,2,Undirected
진수미,최하연,2,Undirected
고봉준,서동욱,2,Undirected
고봉준,황병숭,2,Undirected
김언,서동욱,2,Undirected
서동욱,하상일,2,Undirected
서동욱,황병승,2,Undirected
이형기,황병승,2,Undirected
하상일,황병숭,2,Undirected
강성은,김경주,2,Undirected
강성은,김성규,2,Undirected
강성은,박상순,2,Undirected
강성은,박진성,2,Undirected
강성은,송승환,2,Undirected
강성은,오규원,2,Undirected
강성은,오은,2,Undirected
강성은,이성복,2,Undirected
강성은,이수명,2,Undirected
강성은,이승원,2,Undirected
강성은,이준규,2,Undirected
강성은,최승자,2,Undirected
강성은,함기석,2,Undirected
강성은,함성호,2,Undirected
강성은,황지우,2,Undirected
김경인,김경주,2,Undirected
김경인,김근,2,Undirected
김경인,김민정,2,Undirected
김경인,이장욱,2,Undirected
김경인,장석원,2,Undirected
김경인,황병승,2,Undirected
김경주,김성규,2,Undirected
김경주,김종삼,2,Undirected
김경주,김중일,2,Undirected
김경주,김춘수,2,Undirected
김경주,랭보,2,Undirected
김경주,말라르메,2,Undirected
김경주,박상순,2,Undirected
김경주,베를렌,2,Undirected
김경주,보들레르,2,Undirected
김경주,오규원,2,Undirected
김경주,이기성,2,Undirected
김경주,조동범,2,Undirected
김경주,최하연,2,Undirected
김경주,함기석,2,Undirected
김경주,함성호,2,Undirected
김경주,황병송,2,Undirected
김근,김성규,2,Undirected
김근,김중일,2,Undirected
김근,신영배,2,Undirected
김근,오은,2,Undirected
김근,이기성,2,Undirected
김근,이수명,2,Undirected
김근,이승원,2,Undirected
김근,이준규,2,Undirected
김근,정영,2,Undirected
김근,최승자,2,Undirected
김근,함기석,2,Undirected
김민정,김성규,2,Undirected
김민정,김중일,2,Undirected
김민정,랭보,2,Undirected
김민정,베를렌,2,Undirected
김민정,조동범,2,Undirected
김민정,함기석,2,Undirected
김민정,황병송,2,Undirected
김성규,김수영,2,Undirected
김성규,김언,2,Undirected
김성규,김이듬,2,Undirected
김성규,김종삼,2,Undirected
김성규,김중일,2,Undirected
김성규,김춘수,2,Undirected
김성규,김행숙,2,Undirected
김성규,김혜순,2,Undirected
김성규,박상수,2,Undirected
김성규,박진성,2,Undirected
김성규,박판식,2,Undirected
김성규,송승환,2,Undirected
김성규,신영배,2,Undirected
김성규,오규원,2,Undirected
김성규,유형진,2,Undirected
김성규,이근화,2,Undirected
김성규,이기성,2,Undirected
김성규,이민하,2,Undirected
김성규,이성복,2,Undirected
김성규,이승원,2,Undirected
김성규,이장욱,2,Undirected
김성규,이제니,2,Undirected
김성규,장석원,2,Undirected
김성규,정영,2,Undirected
김성규,정재학,2,Undirected
김성규,진은영,2,Undirected
김성규,최승자,2,Undirected
김성규,최하연,2,Undirected
김성규,함기석,2,Undirected
김성규,함성호,2,Undirected
김성규,황지우,2,Undirected
김수영,김중일,2,Undirected
김수영,신영배,2,Undirected
김수영,이준규,2,Undirected
김수영,정영,2,Undirected
김수영,함기석,2,Undirected
김언,송승환,2,Undirected
김언,신영배,2,Undirected
김언,오은,2,Undirected
김언,이기성,2,Undirected
김언,이준규,2,Undirected
김이듬,김중일,2,Undirected
김이듬,이준규,2,Undirected
김이듬,함기석,2,Undirected
김종삼,박진성,2,Undirected
김종삼,송승환,2,Undirected
김종삼,신영배,2,Undirected
김종삼,오규원,2,Undirected
김종삼,오은,2,Undirected
김종삼,이승원,2,Undirected
김종삼,이준규,2,Undirected
김종삼,정영,2,Undirected
김종삼,최승자,2,Undirected
김종삼,함기석,2,Undirected
김중일,김행숙,2,Undirected
김중일,박상순,2,Undirected
김중일,송승환,2,Undirected
김중일,신해욱,2,Undirected
김중일,오은,2,Undirected
김중일,유형진,2,Undirected
김중일,이근화,2,Undirected
김중일,이기인,2,Undirected
김중일,이성복,2,Undirected
김중일,이수명,2,Undirected
김중일,이장욱,2,Undirected
김중일,이제니,2,Undirected
김중일,이준규,2,Undirected
김중일,장석원,2,Undirected
김중일,정재학,2,Undirected
김중일,조연호,2,Undirected
김중일,진은영,2,Undirected
김중일,황지우,2,Undirected
김춘수,박진성,2,Undirected
김춘수,송승환,2,Undirected
김춘수,신영배,2,Undirected
김춘수,오규원,2,Undirected
김춘수,오은,2,Undirected
김춘수,이승원,2,Undirected
김춘수,이준규,2,Undirected
김춘수,정영,2,Undirected
김춘수,최승자,2,Undirected
김춘수,함기석,2,Undirected
김행숙,오규원,2,Undirected
김행숙,이준규,2,Undirected
김혜순,송승환,2,Undirected
김혜순,신영배,2,Undirected
김혜순,오규원,2,Undirected
김혜순,오은,2,Undirected
김혜순,이승원,2,Undirected
김혜순,이준규,2,Undirected
김혜순,정영,2,Undirected
김혜순,함기석,2,Undirected
랭보,말라르메,2,Undirected
랭보,박상수,2,Undirected
랭보,베를렌,2,Undirected
랭보,보들레르,2,Undirected
랭보,신영배,2,Undirected
랭보,이근화,2,Undirected
랭보,이수명,2,Undirected
랭보,이승원,2,Undirected
랭보,이장욱,2,Undirected
랭보,이준규,2,Undirected
랭보,장석원,2,Undirected
랭보,정영,2,Undirected
랭보,조동범,2,Undirected
랭보,황병송,2,Undirected
랭보,황병승,2,Undirected
말라르메,베를렌,2,Undirected
말라르메,신영배,2,Undirected
말라르메,이수명,2,Undirected
말라르메,이승원,2,Undirected
말라르메,이준규,2,Undirected
말라르메,정영,2,Undirected
말라르메,조동범,2,Undirected
말라르메,황병송,2,Undirected
박상수,베를렌,2,Undirected
박상수,송승환,2,Undirected
박상수,오규원,2,Undirected
박상수,오은,2,Undirected
박상수,이기성,2,Undirected
박상수,이성복,2,Undirected
박상수,조동범,2,Undirected
박상수,최승자,2,Undirected
박상수,함기석,2,Undirected
박상수,함성호,2,Undirected
박상수,황병송,2,Undirected
박상수,황지우,2,Undirected
박상순,박판식,2,Undirected
박상순,송승환,2,Undirected
박상순,신영배,2,Undirected
박상순,이제니,2,Undirected
박상순,장석원,2,Undirected
박상순,정영,2,Undirected
박상순,최승자,2,Undirected
박상순,최하연,2,Undirected
박상순,함기석,2,Undirected
박진성,송승환,2,Undirected
박진성,신영배,2,Undirected
박진성,오은,2,Undirected
박진성,이기성,2,Undirected
박진성,이승원,2,Undirected
박진성,이준규,2,Undirected
박진성,장석원,2,Undirected
박진성,조연호,2,Undirected
박진성,최하연,2,Undirected
박진성,함기석,2,Undirected
박판식,송승환,2,Undirected
박판식,신영배,2,Undirected
박판식,오규원,2,Undirected
박판식,오은,2,Undirected
박판식,이기성,2,Undirected
박판식,이수명,2,Undirected
박판식,이승원,2,Undirected
박판식,이준규,2,Undirected
박판식,함기석,2,Undirected
박판식,함성호,2,Undirected
베를렌,보들레르,2,Undirected
베를렌,신영배,2,Undirected
베를렌,이근화,2,Undirected
베를렌,이수명,2,Undirected
베를렌,이승원,2,Undirected
베를렌,이장욱,2,Undirected
베를렌,이준규,2,Undirected
베를렌,장석원,2,Undirected
베를렌,정영,2,Undirected
베를렌,조동범,2,Undirected
베를렌,황병송,2,Undirected
베를렌,황병승,2,Undirected
보들레르,신영배,2,Undirected
보들레르,이수명,2,Undirected
보들레르,이승원,2,Undirected
보들레르,이준규,2,Undirected
보들레르,정영,2,Undirected
보들레르,조동범,2,Undirected
보들레르,황병송,2,Undirected
송승환,신영배,2,Undirected
송승환,신해욱,2,Undirected
송승환,오규원,2,Undirected
송승환,오은,2,Undirected
송승환,이기성,2,Undirected
송승환,이기인,2,Undirected
송승환,이민하,2,Undirected
송승환,이수명,2,Undirected
송승환,이승원,2,Undirected
송승환,이준규,2,Undirected
송승환,정영,2,Undirected
송승환,조연호,2,Undirected
송승환,최승자,2,Undirected
송승환,최하연,2,Undirected
송승환,함기석,2,Undirected
송승환,함성호,2,Undirected
신영배,오규원,2,Undirected
신영배,오은,2,Undirected
신영배,유형진,2,Undirected
신영배,이성복,2,Undirected
신영배,정재학,2,Undirected
신영배,조동범,2,Undirected
신영배,최승자,2,Undirected
신영배,최하연,2,Undirected
신영배,함기석,2,Undirected
신영배,함성호,2,Undirected
신영배,황병송,2,Undirected
신영배,황지우,2,Undirected
신해욱,이제니,2,Undirected
오규원,오은,2,Undirected
오규원,이근화,2,Undirected
오규원,이기성,2,Undirected
오규원,이수명,2,Undirected
오규원,이승원,2,Undirected
오규원,이장욱,2,Undirected
오규원,이준규,2,Undirected
오규원,장석원,2,Undirected
오규원,정영,2,Undirected
오규원,정재학,2,Undirected
오규원,진은영,2,Undirected
오규원,최승자,2,Undirected
오규원,최하연,2,Undirected
오규원,함기석,2,Undirected
오은,유형진,2,Undirected
오은,이기성,2,Undirected
오은,이성복,2,Undirected
오은,이장욱,2,Undirected
오은,이제니,2,Undirected
오은,정영,2,Undirected
오은,정재학,2,Undirected
오은,조연호,2,Undirected
오은,최하연,2,Undirected
오은,함기석,2,Undirected
오은,함성호,2,Undirected
유형진,이기성,2,Undirected
유형진,이승원,2,Undirected
유형진,이준규,2,Undirected
유형진,함기석,2,Undirected
이근화,조동범,2,Undirected
이근화,함기석,2,Undirected
이근화,황병송,2,Undirected
이기성,이승원,2,Undirected
이기성,이준규,2,Undirected
이기성,장석원,2,Undirected
이기성,정재학,2,Undirected
이기성,최승자,2,Undirected
이기성,최하연,2,Undirected
이기성,함기석,2,Undirected
이기인,이수명,2,Undirected
이기인,정영,2,Undirected
이기인,최승자,2,Undirected
이민하,이준규,2,Undirected
이민하,함기석,2,Undirected
이성복,이승원,2,Undirected
이성복,이준규,2,Undirected
이성복,최하연,2,Undirected
이성복,함기석,2,Undirected
이수명,이제니,2,Undirected
이수명,조동범,2,Undirected
이수명,조연호,2,Undirected
이수명,최승자,2,Undirected
이수명,최하연,2,Undirected
이수명,함기석,2,Undirected
이수명,황병송,2,Undirected
이승원,정재학,2,Undirected
이승원,조동범,2,Undirected
이승원,최하연,2,Undirected
이승원,함기석,2,Undirected
이승원,함성호,2,Undirected
이승원,황병송,2,Undirected
이장욱,조동범,2,Undirected
이장욱,함기석,2,Undirected
이장욱,황병송,2,Undirected
이제니,이준규,2,Undirected
이제니,황병승,2,Undirected
이준규,정재학,2,Undirected
이준규,조동범,2,Undirected
이준규,진은영,2,Undirected
이준규,최승자,2,Undirected
이준규,최하연,2,Undirected
이준규,함기석,2,Undirected
이준규,함성호,2,Undirected
이준규,황병송,2,Undirected
이준규,황지우,2,Undirected
장석원,조동범,2,Undirected
장석원,함기석,2,Undirected
장석원,황병송,2,Undirected
정영,조동범,2,Undirected
정영,진수미,2,Undirected
정영,최하연,2,Undirected
정영,함기석,2,Undirected
정영,함성호,2,Undirected
정영,황병송,2,Undirected
정재학,함기석,2,Undirected
정재학,함성호,2,Undirected
조동범,황병송,2,Undirected
조동범,황병승,2,Undirected
진은영,최하연,2,Undirected
진은영,함기석,2,Undirected
최승자,최하연,2,Undirected
최승자,함기석,2,Undirected
최승자,함성호,2,Undirected
최하연,함기석,2,Undirected
최하연,함성호,2,Undirected
최하연,황지우,2,Undirected
함기석,함성호,2,Undirected
함기석,황지우,2,Undirected
황병송,황병승,2,Undirected
김승일,들뢰즈,2,Undirected
김승일,장정일,2,Undirected
김승일,황지우,2,Undirected
김행숙,문혜원,2,Undirected
니체,함성호,2,Undirected
니체,황병승,2,Undirected
들뢰즈,황현산,2,Undirected
랑씨에르,플라톤,2,Undirected
문혜원,신형철,2,Undirected
문혜원,이장욱,2,Undirected
문혜원,황병승,2,Undirected
슬라보예지젝,지젝,2,Undirected
신형철,장정일,2,Undirected
신형철,함성호,2,Undirected
엘리엇,이장욱,2,Undirected
엘리엇,황병승,2,Undirected
지젝,함성호,2,Undirected
지젝,황지우,2,Undirected
강정,정과리,2,Undirected
강정,함성호,2,Undirected
성기완,장석원,2,Undirected
성기완,프로이트,2,Undirected
장석원,정과리,2,Undirected
정과리,황병승,2,Undirected
가타리,강성은,2,Undirected
가타리,신영배,2,Undirected
가타리,이영주,2,Undirected
가타리,정영,2,Undirected
강성은,이상,2,Undirected
강성은,하재연,2,Undirected
들뢰즈,신영배,2,Undirected
들뢰즈,정영,2,Undirected
신영배,이상,2,Undirected
신영배,이영주,2,Undirected
신영배,조말선,2,Undirected
신영배,하재연,2,Undirected
이기성,이영주,2,Undirected
이상,이영주,2,Undirected
이상,정영,2,Undirected
이영주,하재연,2,Undirected
정영,조말선,2,Undirected
정영,하재연,2,Undirected
가타리,기형도,2,Undirected
가타리,김소월,2,Undirected
가타리,김수영,2,Undirected
가타리,김인환,2,Undirected
가타리,김종삼,2,Undirected
가타리,김춘수,2,Undirected
가타리,김혜순,2,Undirected
가타리,남진우,2,Undirected
가타리,박남철,2,Undirected
가타리,박상순,2,Undirected
가타리,박서원,2,Undirected
가타리,박주택,2,Undirected
가타리,서정학,2,Undirected
가타리,성기완,2,Undirected
가타리,송찬호,2,Undirected
가타리,유하,2,Undirected
가타리,이경림,2,Undirected
가타리,이성복,2,Undirected
가타리,이수명,2,Undirected
가타리,이승훈,2,Undirected
가타리,이원,2,Undirected
가타리,장정일,2,Undirected
가타리,함성호,2,Undirected
가타리,황지우,2,Undirected
기형도,김소월,2,Undirected
기형도,김인환,2,Undirected
기형도,김종삼,2,Undirected
기형도,김춘수,2,Undirected
기형도,김혜순,2,Undirected
기형도,남진우,2,Undirected
기형도,들뢰즈,2,Undirected
기형도,박남철,2,Undirected
기형도,박상순,2,Undirected
기형도,박서원,2,Undirected
기형도,박주택,2,Undirected
기형도,서정학,2,Undirected
기형도,송찬호,2,Undirected
기형도,신해욱,2,Undirected
기형도,유하,2,Undirected
기형도,이경림,2,Undirected
기형도,이기성,2,Undirected
기형도,이승훈,2,Undirected
기형도,조말선,2,Undirected
기형도,하재연,2,Undirected
기형도,함성호,2,Undirected
김민정,김소월,2,Undirected
김민정,김인환,2,Undirected
김민정,문인수,2,Undirected
김민정,박주택,2,Undirected
김민정,서정학,2,Undirected
김민정,이경림,2,Undirected
김민정,이승훈,2,Undirected
김소월,김수영,2,Undirected
김소월,김이듬,2,Undirected
김소월,김인환,2,Undirected
김소월,김종삼,2,Undirected
김소월,김춘수,2,Undirected
김소월,김행숙,2,Undirected
김소월,김혜순,2,Undirected
김소월,남진우,2,Undirected
김소월,들뢰즈,2,Undirected
김소월,박남철,2,Undirected
김소월,박상순,2,Undirected
김소월,박서원,2,Undirected
김소월,박주택,2,Undirected
김소월,서정학,2,Undirected
김소월,성기완,2,Undirected
김소월,송찬호,2,Undirected
김소월,신해욱,2,Undirected
김소월,유하,2,Undirected
김소월,이경림,2,Undirected
김소월,이근화,2,Undirected
김소월,이기성,2,Undirected
김소월,이민하,2,Undirected
김소월,이상,2,Undirected
김소월,이성복,2,Undirected
김소월,이수명,2,Undirected
김소월,이승훈,2,Undirected
김소월,이원,2,Undirected
김소월,이장욱,2,Undirected
김소월,장정일,2,Undirected
김소월,조말선,2,Undirected
김소월,진은영,2,Undirected
김소월,하재연,2,Undirected
김소월,함성호,2,Undirected
김소월,황병승,2,Undirected
김소월,황지우,2,Undirected
김수영,김인환,2,Undirected
김수영,남진우,2,Undirected
김수영,박주택,2,Undirected
김수영,서정학,2,Undirected
김수영,이경림,2,Undirected
김수영,이승훈,2,Undirected
김수영,이원,2,Undirected
김이듬,김인환,2,Undirected
김이듬,남진우,2,Undirected
김이듬,박주택,2,Undirected
김이듬,서정학,2,Undirected
김이듬,성기완,2,Undirected
김이듬,이경림,2,Undirected
김이듬,이승훈,2,Undirected
김인환,김종삼,2,Undirected
김인환,김춘수,2,Undirected
김인환,김행숙,2,Undirected
김인환,김혜순,2,Undirected
김인환,남진우,2,Undirected
김인환,들뢰즈,2,Undirected
김인환,박남철,2,Undirected
김인환,박상순,2,Undirected
김인환,박서원,2,Undirected
김인환,박주택,2,Undirected
김인환,서정학,2,Undirected
김인환,성기완,2,Undirected
김인환,송찬호,2,Undirected
김인환,신해욱,2,Undirected
김인환,유하,2,Undirected
김인환,이경림,2,Undirected
김인환,이근화,2,Undirected
김인환,이기성,2,Undirected
김인환,이민하,2,Undirected
김인환,이상,2,Undirected
김인환,이성복,2,Undirected
김인환,이수명,2,Undirected
김인환,이승훈,2,Undirected
김인환,이원,2,Undirected
김인환,이장욱,2,Undirected
김인환,장정일,2,Undirected
김인환,조말선,2,Undirected
김인환,진은영,2,Undirected
김인환,하재연,2,Undirected
김인환,함성호,2,Undirected
김인환,황병승,2,Undirected
김인환,황지우,2,Undirected
김종삼,남진우,2,Undirected
김종삼,박남철,2,Undirected
김종삼,박주택,2,Undirected
김종삼,서정학,2,Undirected
김종삼,성기완,2,Undirected
김종삼,송찬호,2,Undirected
김종삼,유하,2,Undirected
김종삼,이경림,2,Undirected
김종삼,이상,2,Undirected
김종삼,이승훈,2,Undirected
김종삼,이원,2,Undirected
김종삼,장정일,2,Undirected
김종삼,하재연,2,Undirected
김춘수,남진우,2,Undirected
김춘수,박남철,2,Undirected
김춘수,박주택,2,Undirected
김춘수,서정학,2,Undirected
김춘수,성기완,2,Undirected
김춘수,송찬호,2,Undirected
김춘수,유하,2,Undirected
김춘수,이경림,2,Undirected
김춘수,이승훈,2,Undirected
김춘수,이원,2,Undirected
김춘수,장정일,2,Undirected
김춘수,하재연,2,Undirected
김행숙,남진우,2,Undirected
김행숙,박주택,2,Undirected
김행숙,서정학,2,Undirected
김행숙,성기완,2,Undirected
김행숙,유하,2,Undirected
김행숙,이경림,2,Undirected
김행숙,이승훈,2,Undirected
김혜순,남진우,2,Undirected
김혜순,서정학,2,Undirected
김혜순,유하,2,Undirected
김혜순,이경림,2,Undirected
김혜순,이승훈,2,Undirected
김혜순,장정일,2,Undirected
김혜순,하재연,2,Undirected
남진우,들뢰즈,2,Undirected
남진우,문인수,2,Undirected
남진우,박남철,2,Undirected
남진우,박상순,2,Undirected
남진우,박서원,2,Undirected
남진우,박주택,2,Undirected
남진우,서정학,2,Undirected
남진우,성기완,2,Undirected
남진우,신해욱,2,Undirected
남진우,유하,2,Undirected
남진우,이경림,2,Undirected
남진우,이기성,2,Undirected
남진우,이민하,2,Undirected
남진우,이상,2,Undirected
남진우,이성복,2,Undirected
남진우,이승훈,2,Undirected
남진우,이원,2,Undirected
남진우,장정일,2,Undirected
남진우,조말선,2,Undirected
남진우,진은영,2,Undirected
남진우,하재연,2,Undirected
남진우,함성호,2,Undirected
남진우,황지우,2,Undirected
들뢰즈,박주택,2,Undirected
들뢰즈,서정학,2,Undirected
들뢰즈,송찬호,2,Undirected
들뢰즈,유하,2,Undirected
들뢰즈,이경림,2,Undirected
들뢰즈,이성복,2,Undirected
들뢰즈,이승훈,2,Undirected
문인수,이근화,2,Undirected
문인수,이수명,2,Undirected
문인수,이장욱,2,Undirected
문인수,황병승,2,Undirected
박남철,박서원,2,Undirected
박남철,서정학,2,Undirected
박남철,성기완,2,Undirected
박남철,이경림,2,Undirected
박남철,이기성,2,Undirected
박남철,이수명,2,Undirected
박남철,이승훈,2,Undirected
박남철,이원,2,Undirected
박남철,이장욱,2,Undirected
박남철,조말선,2,Undirected
박상순,박주택,2,Undirected
박상순,서정학,2,Undirected
박상순,이경림,2,Undirected
박상순,이승훈,2,Undirected
박상순,조말선,2,Undirected
박서원,박주택,2,Undirected
박서원,서정학,2,Undirected
박서원,송찬호,2,Undirected
박서원,유하,2,Undirected
박서원,이경림,2,Undirected
박서원,이기성,2,Undirected
박서원,이상,2,Undirected
박서원,이성복,2,Undirected
박서원,이승훈,2,Undirected
박서원,장정일,2,Undirected
박서원,진은영,2,Undirected
박서원,하재연,2,Undirected
박서원,함성호,2,Undirected
박서원,황지우,2,Undirected
박주택,서정학,2,Undirected
박주택,성기완,2,Undirected
박주택,신해욱,2,Undirected
박주택,유하,2,Undirected
박주택,이경림,2,Undirected
박주택,이근화,2,Undirected
박주택,이기성,2,Undirected
박주택,이민하,2,Undirected
박주택,이상,2,Undirected
박주택,이성복,2,Undirected
박주택,이수명,2,Undirected
박주택,이승훈,2,Undirected
박주택,이원,2,Undirected
박주택,이장욱,2,Undirected
박주택,장정일,2,Undirected
박주택,조말선,2,Undirected
박주택,진은영,2,Undirected
박주택,하재연,2,Undirected
박주택,함성호,2,Undirected
박주택,황병승,2,Undirected
박주택,황지우,2,Undirected
서정주,성기완,2,Undirected
서정주,이수명,2,Undirected
서정학,성기완,2,Undirected
서정학,송찬호,2,Undirected
서정학,신해욱,2,Undirected
서정학,유하,2,Undirected
서정학,이경림,2,Undirected
서정학,이근화,2,Undirected
서정학,이기성,2,Undirected
서정학,이민하,2,Undirected
서정학,이상,2,Undirected
서정학,이성복,2,Undirected
서정학,이수명,2,Undirected
서정학,이승훈,2,Undirected
서정학,이원,2,Undirected
서정학,이장욱,2,Undirected
서정학,장정일,2,Undirected
서정학,조말선,2,Undirected
서정학,진은영,2,Undirected
서정학,하재연,2,Undirected
서정학,함성호,2,Undirected
서정학,황병승,2,Undirected
서정학,황지우,2,Undirected
성기완,송찬호,2,Undirected
성기완,신해욱,2,Undirected
성기완,유하,2,Undirected
성기완,이경림,2,Undirected
성기완,이근화,2,Undirected
성기완,이기성,2,Undirected
성기완,이상,2,Undirected
성기완,이승훈,2,Undirected
성기완,장정일,2,Undirected
성기완,조말선,2,Undirected
성기완,진은영,2,Undirected
성기완,하재연,2,Undirected
송찬호,이경림,2,Undirected
송찬호,이기성,2,Undirected
송찬호,이상,2,Undirected
송찬호,이수명,2,Undirected
송찬호,이승훈,2,Undirected
송찬호,이원,2,Undirected
송찬호,이장욱,2,Undirected
송찬호,조말선,2,Undirected
송찬호,하재연,2,Undirected
신해욱,이경림,2,Undirected
신해욱,이승훈,2,Undirected
유하,이경림,2,Undirected
유하,이근화,2,Undirected
유하,이기성,2,Undirected
유하,이상,2,Undirected
유하,이수명,2,Undirected
유하,이승훈,2,Undirected
유하,이원,2,Undirected
유하,이장욱,2,Undirected
유하,조말선,2,Undirected
유하,진은영,2,Undirected
유하,하재연,2,Undirected
이경림,이근화,2,Undirected
이경림,이기성,2,Undirected
이경림,이민하,2,Undirected
이경림,이상,2,Undirected
이경림,이성복,2,Undirected
이경림,이수명,2,Undirected
이경림,이승훈,2,Undirected
이경림,이원,2,Undirected
이경림,이장욱,2,Undirected
이경림,장정일,2,Undirected
이경림,조말선,2,Undirected
이경림,진은영,2,Undirected
이경림,하재연,2,Undirected
이경림,함성호,2,Undirected
이경림,황병승,2,Undirected
이경림,황지우,2,Undirected
이근화,이승훈,2,Undirected
이기성,이승훈,2,Undirected
이기성,이원,2,Undirected
이기성,장정일,2,Undirected
이민하,이승훈,2,Undirected
이상,이승훈,2,Undirected
이상,이시영,2,Undirected
이상,이원,2,Undirected
이상,함성호,2,Undirected
이성복,이승훈,2,Undirected
이성복,조말선,2,Undirected
이성복,하재연,2,Undirected
이수명,이승훈,2,Undirected
이수명,장정일,2,Undirected
이수명,조말선,2,Undirected
이승훈,이원,2,Undirected
이승훈,이장욱,2,Undirected
이승훈,장정일,2,Undirected
이승훈,조말선,2,Undirected
이승훈,진은영,2,Undirected
이승훈,하재연,2,Undirected
이승훈,함성호,2,Undirected
이승훈,황병승,2,Undirected
이승훈,황지우,2,Undirected
이원,장정일,2,Undirected
이원,조말선,2,Undirected
이원,하재연,2,Undirected
장정일,조말선,2,Undirected
조말선,함성호,2,Undirected
조말선,황지우,2,Undirected
하재연,함성호,2,Undirected
강정,기형도,2,Undirected
강정,김안,2,Undirected
강정,김참,2,Undirected
강정,남진우,2,Undirected
강정,박진성,2,Undirected
강정,박판식,2,Undirected
강정,송승환,2,Undirected
강정,신영배,2,Undirected
강정,신해욱,2,Undirected
강정,이성복,2,Undirected
강정,이수명,2,Undirected
강정,이승원,2,Undirected
강정,이영주,2,Undirected
강정,이준규,2,Undirected
강정,장정일,2,Undirected
강정,정영,2,Undirected
강정,정재학,2,Undirected
강정,진이정,2,Undirected
기형도,김언,2,Undirected
기형도,박진성,2,Undirected
기형도,박판식,2,Undirected
기형도,송승환,2,Undirected
기형도,이영주,2,Undirected
기형도,정영,2,Undirected
기형도,최승자,2,Undirected
김경주,김안,2,Undirected
김경주,김참,2,Undirected
김경주,남진우,2,Undirected
김경주,이영주,2,Undirected
김근,성미정,2,Undirected
김근,이원,2,Undirected
김근,진이정,2,Undirected
김민정,김안,2,Undirected
김민정,김참,2,Undirected
김민정,이문재,2,Undirected
김수영,이문재,2,Undirected
김안,김참,2,Undirected
김안,남진우,2,Undirected
김안,박상수,2,Undirected
김안,성미정,2,Undirected
김안,신영배,2,Undirected
김안,이근화,2,Undirected
김안,이수명,2,Undirected
김안,이승원,2,Undirected
김안,이장욱,2,Undirected
김안,이준규,2,Undirected
김안,장석원,2,Undirected
김안,정영,2,Undirected
김안,허수경,2,Undirected
김안,황병승,2,Undirected
김언,라캉,2,Undirected
김언,성미정,2,Undirected
김언,이상,2,Undirected
김언,진이정,2,Undirected
김이듬,성미정,2,Undirected
김참,남진우,2,Undirected
김참,박상수,2,Undirected
김참,성미정,2,Undirected
김참,신영배,2,Undirected
김참,이근화,2,Undirected
김참,이수명,2,Undirected
김참,이승원,2,Undirected
김참,이장욱,2,Undirected
김참,이준규,2,Undirected
김참,장석원,2,Undirected
김참,정영,2,Undirected
김참,허수경,2,Undirected
김참,황병승,2,Undirected
김행숙,성미정,2,Undirected
김행숙,진이정,2,Undirected
김행숙,허수경,2,Undirected
김혜순,송재학,2,Undirected
남진우,박상수,2,Undirected
남진우,성미정,2,Undirected
남진우,신영배,2,Undirected
남진우,이승원,2,Undirected
남진우,이준규,2,Undirected
남진우,장석원,2,Undirected
남진우,정영,2,Undirected
남진우,허수경,2,Undirected
들뢰즈,박진성,2,Undirected
들뢰즈,오은,2,Undirected
들뢰즈,이문재,2,Undirected
들뢰즈,이승원,2,Undirected
들뢰즈,최승자,2,Undirected
라캉,박서원,2,Undirected
라캉,박진성,2,Undirected
라캉,성기완,2,Undirected
라캉,유형진,2,Undirected
라캉,이문재,2,Undirected
라캉,이상,2,Undirected
라캉,이원,2,Undirected
라캉,정재학,2,Undirected
라캉,최승호,2,Undirected
박남철,오은,2,Undirected
박남철,이문재,2,Undirected
박남철,이승원,2,Undirected
박남철,장석원,2,Undirected
박상수,이상,2,Undirected
박상수,이원,2,Undirected
박상수,진이정,2,Undirected
박상순,이문재,2,Undirected
박주택,송재학,2,Undirected
박주택,이문재,2,Undirected
박주택,최승호,2,Undirected
박진성,성미정,2,Undirected
박진성,이문재,2,Undirected
박진성,이상,2,Undirected
박진성,진이정,2,Undirected
박판식,성미정,2,Undirected
박판식,허수경,2,Undirected
성미정,신영배,2,Undirected
성미정,신해욱,2,Undirected
성미정,유형진,2,Undirected
성미정,이근화,2,Undirected
성미정,이민하,2,Undirected
성미정,이수명,2,Undirected
성미정,이승원,2,Undirected
성미정,이영주,2,Undirected
성미정,이원,2,Undirected
성미정,이준규,2,Undirected
성미정,장석원,2,Undirected
성미정,정영,2,Undirected
성미정,진은영,2,Undirected
송승환,이상,2,Undirected
송승환,장정일,2,Undirected
신영배,허수경,2,Undirected
오규원,이상,2,Undirected
오은,이문재,2,Undirected
오은,장정일,2,Undirected
오은,하재연,2,Undirected
유형진,이문재,2,Undirected
유형진,진이정,2,Undirected
이근화,진이정,2,Undirected
이근화,허수경,2,Undirected
이문재,이민하,2,Undirected
이문재,이상,2,Undirected
이문재,이수명,2,Undirected
이문재,이장욱,2,Undirected
이문재,정재학,2,Undirected
이민하,진이정,2,Undirected
이상,최승호,2,Undirected
이수명,최승호,2,Undirected
이수명,허수경,2,Undirected
이승원,장정일,2,Undirected
이승원,허수경,2,Undirected
이영주,최승자,2,Undirected
이원,정영,2,Undirected
이원,정재학,2,Undirected
이원,진이정,2,Undirected
이원,최승자,2,Undirected
이원,허수경,2,Undirected
이장욱,진이정,2,Undirected
이준규,허수경,2,Undirected
장석원,진이정,2,Undirected
장석원,허수경,2,Undirected
장정일,정재학,2,Undirected
장정일,최승자,2,Undirected
정영,허수경,2,Undirected
정재학,최승호,2,Undirected
진은영,허수경,2,Undirected
진이정,함성호,2,Undirected
최승자,하재연,2,Undirected
김민정,레비-스트로스,2,Undirected
레비-스트로스,이민하,2,Undirected
레비-스트로스,이원,2,Undirected
레비-스트로스,이장욱,2,Undirected
레비-스트로스,황병승,2,Undirected
기형도,이기인,2,Undirected
김지하,이원,2,Undirected
김지하,이장욱,2,Undirected
김지하,정영,2,Undirected
박노해,손택수,2,Undirected
박노해,이장욱,2,Undirected
박노해,정재학,2,Undirected
손택수,정영,2,Undirected
이기인,이원,2,Undirected
이원,진수미,2,Undirected
권혁웅,오은,2,Undirected
권혁웅,이승원,2,Undirected
김경주,하종오,2,Undirected
김수영,이경수,2,Undirected
김이듬,심보선,2,Undirected
들뢰즈,백무산,2,Undirected
들뢰즈,심보선,2,Undirected
들뢰즈,이경수,2,Undirected
백무산,오은,2,Undirected
백무산,이경수,2,Undirected
심보선,오은,2,Undirected
심보선,장정일,2,Undirected
심보선,황지우,2,Undirected
이경수,이근화,2,Undirected
이경수,이승원,2,Undirected
이경수,하종오,2,Undirected
이근화,하종오,2,Undirected
이승원,하종오,2,Undirected
장석원,하종오,2,Undirected
장정일,조연호,2,Undirected
심보선,지젝,2,Undirected
이상,지젝,2,Undirected
고봉준,김홍중,2,Undirected
고봉준,이병철,2,Undirected
권혁웅,이병철,2,Undirected
김민정,김홍중,2,Undirected
김민정,이병철,2,Undirected
김홍중,이병철,2,Undirected
심보선,이병철,2,Undirected
고봉준,김수이,2,Undirected
고봉준,유성호,2,Undirected
고봉준,이경수,2,Undirected
권혁웅,박수연,2,Undirected
권혁웅,벤야민,2,Undirected
권혁웅,유성호,2,Undirected
권혁웅,이숭원,2,Undirected
김기택,김혜순,2,Undirected
김기택,이문재,2,Undirected
김민정,이숭원,2,Undirected
김수이,박수연,2,Undirected
김수이,박진성,2,Undirected
김수이,이수명,2,Undirected
김수이,하상일,2,Undirected
김언,박수연,2,Undirected
김언,유성호,2,Undirected
김혜순,박노해,2,Undirected
들뢰즈,오세영,2,Undirected
들뢰즈,이숭원,2,Undirected
랑시에르,유형진,2,Undirected
랑시에르,이기인,2,Undirected
랑시에르,이상,2,Undirected
랑시에르,정재학,2,Undirected
문태준,이문재,2,Undirected
문태준,이수명,2,Undirected
문태준,정재학,2,Undirected
박노해,심보선,2,Undirected
박수연,신형철,2,Undirected
박수연,유성호,2,Undirected
박수연,하상일,2,Undirected
박진성,신형철,2,Undirected
벤야민,오세영,2,Undirected
벤야민,이경수,2,Undirected
벤야민,이수명,2,Undirected
벤야민,황동규,2,Undirected
신형철,유성호,2,Undirected
신형철,이수명,2,Undirected
심보선,유형진,2,Undirected
심보선,이문재,2,Undirected
심보선,하상일,2,Undirected
오세영,이경수,2,Undirected
오세영,이상,2,Undirected
오세영,이수명,2,Undirected
오세영,이숭원,2,Undirected
오세영,이장욱,2,Undirected
유성호,유형진,2,Undirected
유성호,이장욱,2,Undirected
유성호,하상일,2,Undirected
유형진,하상일,2,Undirected
이경수,이수명,2,Undirected
이경수,하상일,2,Undirected
이경수,황동규,2,Undirected
이기인,이상,2,Undirected
이민하,하상일,2,Undirected
이상,이숭원,2,Undirected
이수명,황동규,2,Undirected
이숭원,황동규,2,Undirected
이장욱,황동규,2,Undirected
강정,이기인,2,Undirected
강정,조연호,2,Undirected
권혁웅,성미정,2,Undirected
김경주,김진수,2,Undirected
김민정,박정대,2,Undirected
김지하,이근화,2,Undirected
고봉준,장석원,2,Undirected
김근,하상일,2,Undirected
장석원,하상일,2,Undirected
김사인,김지하,2,Undirected
김사인,문태준,2,Undirected
김사인,손택수,2,Undirected
강정,유홍준,2,Undirected
강정,장인수,2,Undirected
권혁웅,김중일,2,Undirected
권혁웅,유홍준,2,Undirected
권혁웅,장인수,2,Undirected
기형도,조연호,2,Undirected
김경주,유홍준,2,Undirected
김경주,장인수,2,Undirected
김근,심보선,2,Undirected
김민정,유홍준,2,Undirected
김민정,장인수,2,Undirected
문태준,유홍준,2,Undirected
문태준,장인수,2,Undirected
유홍준,이근화,2,Undirected
유홍준,이장욱,2,Undirected
유홍준,장석원,2,Undirected
유홍준,장인수,2,Undirected
유홍준,황병승,2,Undirected
이근화,장인수,2,Undirected
이장욱,장인수,2,Undirected
장석원,장인수,2,Undirected
장인수,황병승,2,Undirected
권혁웅,시인들,2,Undirected
김민정,김병호,2,Undirected
김병호,이경수,2,Undirected
김병호,장석원,2,Undirected
김병호,황병숭,2,Undirected
김병호,황병승,2,Undirected
시인들,황병승,2,Undirected
이경수,황병숭,2,Undirected
이장욱,황병숭,2,Undirected
권혁웅,황혜경,2,Undirected
바르트,이수명,2,Undirected
이수명,황혜경,2,Undirected
황병승,황혜경,2,Undirected
강정,조강석,2,Undirected
강정,황병숭,2,Undirected
문태준,박상수,2,Undirected
박상수,황병숭,2,Undirected
이근화,황병숭,2,Undirected
장석원,조강석,2,Undirected
조강석,황병숭,2,Undirected
데카르트,이숭원,2,Undirected
이광호,황동규,2,Undirected
권혁웅,이준규,2,Undirected
이수명,조강석,2,Undirected
